iteration,max_fitness,qd_score1,qd_score2,qd_score3,coverage1,coverage2,coverage3,time,current_time,invalid_individuals
1,0.75377125,1.9892786,1.3298244,-5.547078,1.7578125,6.4453125,2.6367188,24.235533475875854,2024-07-10 08:50:21.151929,0
2,0.75377125,1.6905508,4.3901753,-7.8237576,1.953125,8.691406,3.0273438,14.012653589248657,2024-07-10 08:50:35.165083,0
3,0.75377125,0.93863827,5.226806,-12.014328,2.0507812,10.449219,3.6132812,14.162895441055298,2024-07-10 08:50:49.328496,0
4,0.75377125,3.075492,4.7656813,-12.431512,2.1484375,12.109375,3.8085938,14.180858612060547,2024-07-10 08:51:03.509937,0
5,0.75377125,5.438445,9.754076,-12.73427,2.1484375,13.4765625,3.90625,14.644355773925781,2024-07-10 08:51:18.154699,0
6,0.75377125,5.438445,11.395606,-18.282318,2.1484375,14.746094,4.296875,13.744931936264038,2024-07-10 08:51:31.900199,0
7,0.75377125,6.227247,14.226901,-19.24011,2.34375,15.722656,4.6875,14.105812311172485,2024-07-10 08:51:46.006409,0
8,0.96164685,6.9364347,17.208244,-19.737799,2.34375,16.503906,5.1757812,14.242687940597534,2024-07-10 08:52:00.249693,0
9,0.96164685,8.269678,24.435862,-21.278513,2.4414062,17.1875,5.3710938,14.204970359802246,2024-07-10 08:52:14.455078,0
10,0.96164685,8.269678,27.519882,-26.076317,2.4414062,17.675781,5.7617188,14.291417598724365,2024-07-10 08:52:28.746902,0
11,0.96164685,8.260953,31.887146,-26.841019,2.5390625,17.96875,5.859375,14.446403503417969,2024-07-10 08:52:43.193701,0
12,1.4082748,8.809504,37.44861,-27.427837,2.5390625,18.75,5.9570312,14.251419305801392,2024-07-10 08:52:57.445600,0
13,1.4082748,9.211521,42.3046,-27.070417,2.5390625,19.238281,6.0546875,13.896790742874146,2024-07-10 08:53:11.342811,0
14,1.4082748,9.312679,45.03827,-28.603603,2.5390625,19.335938,6.3476562,14.369483470916748,2024-07-10 08:53:25.712883,0
15,1.4082748,9.414379,47.668446,-28.029219,2.6367188,19.726562,6.3476562,14.25175428390503,2024-07-10 08:53:39.965077,0
16,1.4082748,9.414379,49.88739,-27.476145,2.6367188,20.410156,6.3476562,14.122172594070435,2024-07-10 08:53:54.087643,0
17,1.4082748,10.37985,53.683502,-27.810331,2.6367188,20.800781,6.4453125,13.945603609085083,2024-07-10 08:54:08.033665,0
18,1.4082748,10.9412775,57.07646,-25.505478,2.6367188,21.386719,6.5429688,14.18881607055664,2024-07-10 08:54:22.222961,0
19,1.4082748,11.90535,60.294025,-24.204136,2.734375,21.777344,6.640625,14.397945404052734,2024-07-10 08:54:36.621338,0
20,1.4082748,12.856573,62.69217,-30.41251,2.734375,22.167969,7.03125,14.354493379592896,2024-07-10 08:54:50.976265,0
21,1.4082748,13.045004,65.86165,-32.035904,2.734375,22.65625,7.2265625,13.971704244613647,2024-07-10 08:55:04.948479,0
22,1.4082748,13.464521,67.621086,-30.679781,2.734375,23.046875,7.3242188,14.21828556060791,2024-07-10 08:55:19.167271,0
23,1.4082748,13.535237,69.486244,-30.797016,2.8320312,23.4375,7.421875,14.360046625137329,2024-07-10 08:55:33.527773,0
24,1.4082748,13.535237,69.36941,-31.518642,2.8320312,23.632812,7.5195312,14.213757753372192,2024-07-10 08:55:47.742142,0
25,1.4082748,13.979452,72.747604,-30.065638,2.8320312,23.730469,7.6171875,14.043617486953735,2024-07-10 08:56:01.786166,0
26,1.4082748,14.735899,75.724434,-32.921192,2.8320312,24.316406,8.0078125,14.404844999313354,2024-07-10 08:56:16.191494,0
27,1.4082748,14.735899,77.2484,-29.012012,2.8320312,24.609375,8.0078125,14.350174188613892,2024-07-10 08:56:30.542135,0
28,1.4082748,15.119243,79.05576,-29.005037,2.9296875,25.0,8.105469,14.596818685531616,2024-07-10 08:56:45.139382,0
29,1.4082748,15.308808,80.972946,-30.254042,3.0273438,25.390625,8.203125,14.104258298873901,2024-07-10 08:56:59.244054,0
30,1.4082748,15.308808,82.659485,-28.494038,3.0273438,25.683594,8.300781,14.201198101043701,2024-07-10 08:57:13.445680,0
31,1.4082748,15.480119,83.28937,-28.50912,3.0273438,25.78125,8.3984375,14.186429738998413,2024-07-10 08:57:27.632529,0
32,1.4082748,15.540634,84.62344,-29.013693,3.0273438,25.878906,8.496094,14.612768411636353,2024-07-10 08:57:42.245670,0
33,1.4082748,15.540634,86.22427,-28.892765,3.0273438,25.878906,8.496094,14.086313724517822,2024-07-10 08:57:56.332390,0
34,1.4082748,15.709163,86.385864,-28.18785,3.0273438,26.171875,8.496094,14.321994066238403,2024-07-10 08:58:10.654767,0
35,1.4082748,15.709163,89.09602,-27.773582,3.0273438,26.367188,8.496094,14.681293725967407,2024-07-10 08:58:25.336433,0
36,1.4082748,16.084196,93.14761,-27.476625,3.0273438,26.5625,8.496094,14.950636625289917,2024-07-10 08:58:40.287458,0
37,1.4082748,16.16306,93.97523,-26.098358,3.0273438,26.855469,8.496094,13.928067922592163,2024-07-10 08:58:54.215983,0
38,1.4082748,16.16306,95.62479,-26.386824,3.0273438,27.050781,8.59375,14.517570495605469,2024-07-10 08:59:08.733946,0
39,1.4082748,16.802704,100.626434,-26.133774,3.125,27.246094,8.59375,14.539135456085205,2024-07-10 08:59:23.273514,0
40,1.4082748,16.802704,102.78524,-29.201015,3.125,27.539062,8.691406,14.190683603286743,2024-07-10 08:59:37.464611,0
41,1.4082748,16.659498,103.02381,-29.10265,3.2226562,27.832031,8.691406,14.346564769744873,2024-07-10 08:59:51.811744,0
42,1.4082748,17.076694,104.89678,-29.10265,3.2226562,27.832031,8.691406,13.648914575576782,2024-07-10 09:00:05.461064,0
43,1.4082748,17.108604,107.1546,-27.536083,3.2226562,28.027344,8.7890625,14.362191200256348,2024-07-10 09:00:19.823804,0
44,1.4082748,17.108894,106.301346,-27.26297,3.2226562,28.515625,8.7890625,14.328901290893555,2024-07-10 09:00:34.153308,0
45,1.4082748,17.151264,106.35379,-28.68465,3.2226562,28.613281,8.886719,14.172190189361572,2024-07-10 09:00:48.325921,0
46,1.4082748,17.151264,107.59662,-28.630768,3.2226562,28.710938,8.886719,14.306082010269165,2024-07-10 09:01:02.632435,0
47,1.4082748,17.151264,108.62299,-30.170252,3.2226562,29.101562,9.1796875,14.133771419525146,2024-07-10 09:01:16.766578,0
48,1.4082748,18.875477,111.29599,-29.488756,3.2226562,29.492188,9.1796875,13.995922803878784,2024-07-10 09:01:30.762989,0
49,1.4082748,18.875477,112.13706,-29.392174,3.2226562,29.492188,9.1796875,14.411246299743652,2024-07-10 09:01:45.174797,0
50,1.4082748,18.875477,113.06798,-30.785353,3.2226562,29.6875,9.375,14.903337955474854,2024-07-10 09:02:00.078509,0
51,1.4082748,18.968374,114.0963,-30.785353,3.2226562,29.882812,9.375,14.569573402404785,2024-07-10 09:02:14.648603,0
52,1.4082748,18.972572,114.93747,-30.628208,3.2226562,30.078125,9.472656,14.064678192138672,2024-07-10 09:02:28.713656,0
53,1.4082748,19.53373,115.66408,-31.81072,3.3203125,30.273438,9.5703125,14.442373514175415,2024-07-10 09:02:43.156447,0
54,1.4082748,19.53373,116.94099,-31.598812,3.3203125,30.46875,9.5703125,14.02046251296997,2024-07-10 09:02:57.177527,0
55,1.4082748,19.53373,119.07782,-33.360634,3.3203125,30.664062,9.667969,14.254782676696777,2024-07-10 09:03:11.432717,0
56,1.4082748,19.53373,120.578705,-33.360634,3.3203125,30.859375,9.667969,14.490467548370361,2024-07-10 09:03:25.923563,0
57,1.4082748,19.71391,122.653915,-34.89786,3.3203125,30.859375,9.765625,14.016641616821289,2024-07-10 09:03:39.940689,0
58,1.4082748,19.88308,124.85755,-34.294,3.4179688,30.957031,9.765625,14.189383745193481,2024-07-10 09:03:54.130462,0
59,1.4082748,20.403578,126.49637,-37.918354,3.515625,30.957031,9.9609375,13.788896560668945,2024-07-10 09:04:07.919823,0
60,1.4082748,20.675388,127.6631,-34.965363,3.515625,31.25,9.9609375,14.205859899520874,2024-07-10 09:04:22.126152,0
61,1.4082748,21.040695,128.1623,-35.253124,3.6132812,31.640625,10.058594,14.571211338043213,2024-07-10 09:04:36.697949,0
62,1.4082748,21.405342,128.65527,-34.92571,3.7109375,31.933594,10.15625,14.251169443130493,2024-07-10 09:04:50.949548,0
63,1.4082748,21.405342,130.29794,-34.45731,3.7109375,32.03125,10.15625,14.599793434143066,2024-07-10 09:05:05.549753,0
64,1.4082748,21.405342,132.14429,-34.45731,3.7109375,32.421875,10.15625,14.41905951499939,2024-07-10 09:05:19.969236,0
65,1.4082748,21.405342,133.54033,-34.324432,3.7109375,32.617188,10.15625,14.48689866065979,2024-07-10 09:05:34.456559,0
66,1.4082748,21.606297,135.94345,-33.544357,3.7109375,32.8125,10.253906,14.124296188354492,2024-07-10 09:05:48.581219,0
67,1.4082748,21.606297,138.07376,-32.22104,3.7109375,33.007812,10.253906,13.891049861907959,2024-07-10 09:06:02.472720,0
68,1.4082748,21.606297,139.51857,-32.259438,3.7109375,33.10547,10.3515625,14.376718282699585,2024-07-10 09:06:16.849817,0
69,1.4082748,21.606297,138.19926,-32.224968,3.7109375,33.30078,10.3515625,14.603113412857056,2024-07-10 09:06:31.453341,0
70,1.4082748,22.208385,139.21576,-32.19258,3.7109375,33.496094,10.3515625,13.92015552520752,2024-07-10 09:06:45.373929,0
71,1.4082748,22.208385,140.4168,-32.042908,3.7109375,33.789062,10.3515625,14.131787538528442,2024-07-10 09:06:59.506283,0
72,1.4082748,22.208385,141.71385,-29.922102,3.7109375,33.789062,10.3515625,14.612253665924072,2024-07-10 09:07:14.119121,0
73,1.4082748,22.275404,143.43936,-29.848248,3.7109375,33.88672,10.3515625,14.496193885803223,2024-07-10 09:07:28.615936,0
74,1.4082748,22.275404,143.97546,-29.73643,3.7109375,33.88672,10.3515625,14.543946981430054,2024-07-10 09:07:43.160310,0
75,1.4082748,22.46471,146.35754,-29.631401,3.7109375,33.984375,10.3515625,14.015990734100342,2024-07-10 09:07:57.176750,0
76,1.4082748,22.46471,147.66254,-29.528198,3.7109375,34.08203,10.3515625,14.171311378479004,2024-07-10 09:08:11.348416,0
77,1.4082748,22.46471,148.8515,-29.528198,3.7109375,34.08203,10.3515625,14.463411331176758,2024-07-10 09:08:25.812201,0
78,1.4082748,22.46471,149.68814,-29.296684,3.7109375,34.277344,10.3515625,14.276206254959106,2024-07-10 09:08:40.088929,0
79,1.4082748,23.216095,149.78893,-29.27737,3.7109375,34.277344,10.449219,14.415096998214722,2024-07-10 09:08:54.504421,0
80,1.4082748,23.216095,150.61589,-30.513237,3.7109375,34.277344,10.546875,14.085097074508667,2024-07-10 09:09:08.589881,0
81,1.4082748,23.216095,152.6022,-30.513237,3.7109375,34.375,10.546875,14.32883596420288,2024-07-10 09:09:22.919128,0
82,1.4082748,23.216095,152.92545,-32.121872,3.7109375,34.66797,10.7421875,13.734221458435059,2024-07-10 09:09:36.653721,0
83,1.4082748,23.786041,154.65761,-31.060879,3.8085938,34.66797,10.7421875,14.199074029922485,2024-07-10 09:09:50.853210,0
84,1.4082748,23.786041,155.36404,-31.05666,3.8085938,34.765625,10.7421875,14.418657541275024,2024-07-10 09:10:05.272297,0
85,1.4082748,23.917969,156.81604,-31.02087,3.8085938,34.86328,10.7421875,14.226942539215088,2024-07-10 09:10:19.499622,0
86,1.4082748,24.072987,158.02469,-31.02087,3.8085938,34.86328,10.7421875,13.915700197219849,2024-07-10 09:10:33.415699,0
87,1.4082748,24.072987,157.71268,-31.01555,3.8085938,35.058594,10.7421875,14.834254026412964,2024-07-10 09:10:48.250522,0
88,1.4082748,24.072987,157.84142,-31.057098,3.8085938,35.058594,10.839844,14.20678448677063,2024-07-10 09:11:02.457714,0
89,1.4082748,24.072987,158.93973,-29.238379,3.8085938,35.15625,10.839844,14.332231283187866,2024-07-10 09:11:16.790685,0
90,1.4082748,24.072987,159.93779,-29.153238,3.8085938,35.253906,10.839844,14.400299549102783,2024-07-10 09:11:31.191426,0
91,1.4082748,24.072987,161.28464,-28.185087,3.8085938,35.351562,10.839844,14.230680465698242,2024-07-10 09:11:45.422504,0
92,1.4082748,24.072987,162.79922,-30.549345,3.8085938,35.351562,11.1328125,14.437609195709229,2024-07-10 09:11:59.860819,0
93,1.4082748,24.384527,164.41983,-30.542082,3.90625,35.742188,11.1328125,14.323500156402588,2024-07-10 09:12:14.184697,0
94,1.4082748,24.384527,165.24838,-30.542082,3.90625,35.742188,11.1328125,13.879500150680542,2024-07-10 09:12:28.064572,0
95,1.4082748,24.384527,165.63243,-30.099943,3.90625,35.839844,11.1328125,14.382425785064697,2024-07-10 09:12:42.447392,0
96,1.4082748,24.384527,165.7315,-29.976055,3.90625,36.132812,11.1328125,14.212550401687622,2024-07-10 09:12:56.660403,0
97,1.4082748,24.384527,166.97388,-29.89373,3.90625,36.132812,11.230469,14.161333560943604,2024-07-10 09:13:10.822113,0
98,1.4082748,24.384527,169.05405,-29.800652,3.90625,36.23047,11.230469,14.300259351730347,2024-07-10 09:13:25.122852,0
99,1.4082748,23.395733,169.44781,-28.601128,4.1015625,36.23047,11.230469,14.29246473312378,2024-07-10 09:13:39.415774,0
100,1.4082748,23.496378,170.44467,-27.764454,4.1015625,36.42578,11.230469,13.696715354919434,2024-07-10 09:13:53.112861,0
101,1.4082748,23.496378,173.07675,-27.73542,4.1015625,36.621094,11.230469,14.233031272888184,2024-07-10 09:14:07.346293,0
102,1.4082748,23.613907,175.25552,-27.66203,4.1015625,36.71875,11.230469,13.80004072189331,2024-07-10 09:14:21.146887,0
103,1.4082748,23.64917,175.55902,-27.66203,4.1992188,36.71875,11.230469,14.257082462310791,2024-07-10 09:14:35.404490,0
104,1.4082748,23.808985,176.41861,-26.133362,4.296875,36.71875,11.230469,14.213042497634888,2024-07-10 09:14:49.617903,0
105,1.4082748,23.852434,177.17575,-26.133362,4.296875,36.71875,11.230469,14.319258451461792,2024-07-10 09:15:03.937665,0
106,1.4082748,23.852434,177.75809,-27.686808,4.296875,36.71875,11.328125,14.02250337600708,2024-07-10 09:15:17.960579,0
107,1.4082748,23.852434,178.32408,-27.686808,4.296875,36.71875,11.328125,14.229520320892334,2024-07-10 09:15:32.190604,0
108,1.4082748,24.097803,178.88385,-27.686808,4.4921875,36.816406,11.328125,14.320377826690674,2024-07-10 09:15:46.511394,0
109,1.4082748,24.352634,179.85849,-27.686808,4.4921875,36.914062,11.328125,14.219716548919678,2024-07-10 09:16:00.731851,0
110,1.6655711,24.66857,181.78287,-26.772663,4.4921875,36.914062,11.328125,14.097622156143188,2024-07-10 09:16:14.829846,0
111,1.6655711,24.66857,182.31342,-26.465425,4.4921875,36.914062,11.328125,14.093074321746826,2024-07-10 09:16:28.923334,0
112,1.6655711,25.031164,183.22763,-26.035784,4.4921875,36.914062,11.328125,14.16044569015503,2024-07-10 09:16:43.084213,0
113,1.6655711,25.031164,183.71918,-25.912848,4.4921875,37.01172,11.328125,14.080326795578003,2024-07-10 09:16:57.164908,0
114,1.6655711,25.384026,184.17798,-25.752266,4.4921875,37.01172,11.328125,14.069258689880371,2024-07-10 09:17:11.234749,0
115,1.6655711,25.551493,185.1425,-25.550293,4.4921875,37.01172,11.328125,14.248307704925537,2024-07-10 09:17:25.483432,0
116,1.6655711,25.697784,187.78107,-25.479168,4.4921875,37.109375,11.328125,14.233366250991821,2024-07-10 09:17:39.717386,0
117,1.6655711,25.697784,189.28557,-25.108067,4.4921875,37.109375,11.425781,13.85513162612915,2024-07-10 09:17:53.572938,0
118,1.6655711,26.17854,190.18314,-24.998215,4.5898438,37.20703,11.5234375,14.133783102035522,2024-07-10 09:18:07.707352,0
119,1.6655711,26.17854,190.03429,-24.998215,4.5898438,37.304688,11.5234375,14.241929769515991,2024-07-10 09:18:21.949685,0
120,1.6655711,26.17854,190.51065,-27.746017,4.5898438,37.402344,11.621094,13.372539520263672,2024-07-10 09:18:35.322640,0
121,1.6655711,26.17854,191.64978,-27.738327,4.5898438,37.5,11.621094,14.284996032714844,2024-07-10 09:18:49.608078,0
122,1.6655711,26.17854,191.4732,-27.525326,4.5898438,37.695312,11.621094,14.077491283416748,2024-07-10 09:19:03.686059,0
123,1.7122031,26.22517,193.699,-24.488358,4.5898438,37.890625,11.621094,14.083367109298706,2024-07-10 09:19:17.769842,0
124,1.7122031,26.22517,194.37253,-24.488358,4.5898438,37.890625,11.621094,14.186685800552368,2024-07-10 09:19:31.956947,0
125,1.7122031,26.790245,195.14087,-24.333805,4.6875,37.890625,11.621094,14.360822677612305,2024-07-10 09:19:46.318138,0
126,1.7122031,26.83437,197.43048,-25.691658,4.6875,37.890625,11.71875,14.064467191696167,2024-07-10 09:20:00.383060,0
127,1.7122031,26.83437,198.52141,-25.845316,4.6875,37.890625,11.816406,14.241883754730225,2024-07-10 09:20:14.625379,0
128,1.7122031,26.986511,200.17358,-25.845316,4.6875,38.085938,11.816406,14.186296939849854,2024-07-10 09:20:28.812307,0
129,1.7122031,26.986511,201.66165,-25.620613,4.6875,38.28125,11.816406,14.21645450592041,2024-07-10 09:20:43.029200,0
130,1.7122031,28.00122,203.32965,-24.25896,4.6875,38.378906,11.816406,13.888842582702637,2024-07-10 09:20:56.918460,0
131,1.7122031,28.243649,203.52765,-27.157906,4.8828125,38.378906,11.9140625,13.869445323944092,2024-07-10 09:21:10.788327,0
132,1.7122031,28.254868,204.16849,-25.211567,4.8828125,38.476562,11.9140625,14.300442934036255,2024-07-10 09:21:25.089260,0
133,1.7122031,28.254868,204.48508,-25.211567,4.8828125,38.671875,11.9140625,14.216118335723877,2024-07-10 09:21:39.305811,0
134,1.7122031,28.264435,205.20566,-23.139687,4.8828125,38.76953,12.011719,14.026196718215942,2024-07-10 09:21:53.332425,0
135,1.7122031,28.652184,206.23914,-23.05442,4.8828125,38.867188,12.011719,14.350471019744873,2024-07-10 09:22:07.683276,0
136,2.0297768,29.271591,207.31708,-21.24088,4.8828125,38.867188,12.011719,14.31086778640747,2024-07-10 09:22:21.994520,0
137,2.0297768,29.671741,207.39244,-20.232655,4.8828125,38.964844,12.109375,14.633215188980103,2024-07-10 09:22:36.628152,0
138,2.0297768,29.671741,208.87378,-20.078918,4.8828125,38.964844,12.109375,14.09859013557434,2024-07-10 09:22:50.727120,0
139,2.0297768,29.671741,210.41956,-20.078918,4.8828125,39.0625,12.109375,14.397033452987671,2024-07-10 09:23:05.124633,0
140,2.0297768,29.671741,210.79431,-18.074871,4.8828125,39.0625,12.109375,14.765668153762817,2024-07-10 09:23:19.890707,0
141,2.0297768,29.671741,211.10693,-21.003414,4.8828125,39.160156,12.207031,14.133054733276367,2024-07-10 09:23:34.024338,0
142,2.0297768,29.671741,213.3741,-20.808434,4.8828125,39.160156,12.207031,13.768126726150513,2024-07-10 09:23:47.792886,0
143,2.0297768,29.811886,215.27588,-20.019394,4.8828125,39.257812,12.207031,14.550913333892822,2024-07-10 09:24:02.344171,0
144,2.0297768,30.304901,216.49731,-21.26085,4.8828125,39.453125,12.3046875,14.109811305999756,2024-07-10 09:24:16.454355,0
145,2.0297768,30.834196,218.3669,-19.634401,4.8828125,39.55078,12.3046875,14.527137041091919,2024-07-10 09:24:30.981911,0
146,2.0297768,31.000483,219.6175,-18.936241,4.8828125,39.55078,12.3046875,14.261712312698364,2024-07-10 09:24:45.244086,0
147,2.0297768,31.000483,220.04645,-20.095934,4.8828125,39.648438,12.5,14.520047903060913,2024-07-10 09:24:59.764642,0
148,2.0297768,31.008598,224.75822,-20.095934,4.8828125,39.84375,12.5,14.350489139556885,2024-07-10 09:25:14.115502,0
149,2.0297768,31.008598,225.9781,-20.03745,4.8828125,39.941406,12.5,14.346628189086914,2024-07-10 09:25:28.462610,0
150,2.0297768,31.084099,226.66022,-21.270977,4.8828125,39.941406,12.597656,13.779040575027466,2024-07-10 09:25:42.242061,0
151,2.0297768,31.084099,228.30792,-20.92748,4.8828125,39.941406,12.597656,14.279582738876343,2024-07-10 09:25:56.522057,0
152,2.0297768,31.084099,229.95853,-21.911053,4.8828125,39.941406,12.6953125,14.248275756835938,2024-07-10 09:26:10.770914,0
153,2.0297768,31.10387,230.13818,-21.904322,4.8828125,40.039062,12.6953125,14.128557443618774,2024-07-10 09:26:24.899862,0
154,2.0297768,31.469543,230.68002,-22.804037,4.8828125,40.039062,12.792969,14.120608568191528,2024-07-10 09:26:39.020857,0
155,2.0297768,31.469543,231.98743,-22.785826,4.8828125,40.039062,12.792969,14.019932508468628,2024-07-10 09:26:53.041157,0
156,2.0297768,31.469543,234.12024,-22.10056,4.8828125,40.039062,12.890625,14.205401182174683,2024-07-10 09:27:07.246987,0
157,2.0297768,31.537422,235.059,-22.10056,4.8828125,40.039062,12.890625,14.053375482559204,2024-07-10 09:27:21.300874,0
158,2.0297768,31.537422,235.63474,-21.920895,4.8828125,40.13672,12.890625,14.32363224029541,2024-07-10 09:27:35.624877,0
159,2.0297768,31.537422,237.58835,-21.902546,4.8828125,40.234375,12.890625,14.493636131286621,2024-07-10 09:27:50.118923,0
160,2.0297768,31.728191,238.87631,-21.902546,4.8828125,40.234375,12.890625,13.941756248474121,2024-07-10 09:28:04.061144,0
161,2.0297768,31.728191,239.78589,-21.66359,4.8828125,40.234375,12.890625,14.157957553863525,2024-07-10 09:28:18.219510,0
162,2.0297768,31.728191,240.92128,-21.453674,4.8828125,40.234375,12.890625,14.285914182662964,2024-07-10 09:28:32.505950,0
163,2.0297768,31.728191,241.23784,-21.16036,4.8828125,40.33203,12.988281,14.048004627227783,2024-07-10 09:28:46.554371,0
164,2.0297768,32.641403,243.15112,-21.037903,4.8828125,40.33203,12.988281,13.91030502319336,2024-07-10 09:29:00.465147,0
165,2.0297768,33.477646,243.50525,-21.885958,4.8828125,40.33203,13.0859375,14.423705101013184,2024-07-10 09:29:14.889267,0
166,2.0297768,33.821888,244.28738,-22.125755,4.8828125,40.429688,13.183594,14.49561333656311,2024-07-10 09:29:29.385310,0
167,2.0297768,33.821888,244.57152,-22.125755,4.8828125,40.429688,13.183594,13.763578653335571,2024-07-10 09:29:43.149314,0
168,2.0297768,33.821888,245.37004,-22.034176,4.8828125,40.429688,13.28125,14.19681978225708,2024-07-10 09:29:57.346561,0
169,2.0297768,34.125595,245.7762,-23.839123,4.9804688,40.429688,13.378906,13.640819072723389,2024-07-10 09:30:10.987947,0
170,2.0297768,34.125595,246.11385,-23.63787,4.9804688,40.429688,13.378906,14.336145877838135,2024-07-10 09:30:25.324466,0
171,2.0297768,34.604454,246.28053,-24.763805,5.078125,40.429688,13.4765625,14.0402512550354,2024-07-10 09:30:39.365177,0
172,2.0297768,34.604454,246.73325,-24.694714,5.078125,40.625,13.4765625,14.147279977798462,2024-07-10 09:30:53.512862,0
173,2.0297768,35.07775,247.49567,-24.340588,5.078125,40.625,13.4765625,13.930992841720581,2024-07-10 09:31:07.444226,0
174,2.0297768,35.07775,249.3888,-24.340588,5.078125,40.722656,13.4765625,14.515385866165161,2024-07-10 09:31:21.959984,0
175,2.0297768,35.07775,249.70296,-24.190544,5.078125,40.91797,13.4765625,13.938931703567505,2024-07-10 09:31:35.899452,0
176,2.0297768,35.07775,250.43724,-23.784477,5.078125,40.91797,13.4765625,14.299618244171143,2024-07-10 09:31:50.199682,0
177,2.0297768,35.07775,251.09483,-23.583027,5.078125,40.91797,13.4765625,14.128063678741455,2024-07-10 09:32:04.328314,0
178,2.0297768,35.514557,251.43443,-23.583027,5.1757812,40.91797,13.4765625,13.994198560714722,2024-07-10 09:32:18.322980,0
179,2.0297768,35.803074,251.84404,-24.981438,5.1757812,41.11328,13.574219,14.210157871246338,2024-07-10 09:32:32.533525,0
180,2.0297768,35.910973,251.55653,-24.722908,5.1757812,41.210938,13.671875,14.340373516082764,2024-07-10 09:32:46.874368,0
181,2.0297768,35.919006,252.48912,-24.64021,5.1757812,41.210938,13.671875,14.218443870544434,2024-07-10 09:33:01.093620,0
182,2.0297768,35.919006,252.9045,-23.800953,5.1757812,41.308594,13.671875,14.25434398651123,2024-07-10 09:33:15.348354,0
183,2.0297768,36.465076,253.00688,-23.800953,5.1757812,41.308594,13.671875,14.213737964630127,2024-07-10 09:33:29.562515,0
184,2.0297768,36.92662,253.00688,-23.689451,5.2734375,41.308594,13.671875,14.314456939697266,2024-07-10 09:33:43.877602,0
185,2.0297768,37.423447,253.17757,-23.689451,5.2734375,41.40625,13.671875,14.48749566078186,2024-07-10 09:33:58.365508,0
186,2.0297768,37.423447,254.36653,-25.265678,5.2734375,41.40625,13.769531,13.843492269515991,2024-07-10 09:34:12.209423,0
187,2.0297768,37.423447,255.31647,-25.265678,5.2734375,41.40625,13.769531,13.785077810287476,2024-07-10 09:34:25.995012,0
188,2.0297768,37.423447,255.54007,-27.258549,5.2734375,41.40625,13.8671875,14.020808458328247,2024-07-10 09:34:40.016289,0
189,2.0297768,37.423447,255.78662,-27.195192,5.2734375,41.40625,13.8671875,13.92494535446167,2024-07-10 09:34:53.941695,0
190,2.0297768,37.423447,256.18832,-27.195192,5.2734375,41.503906,13.8671875,14.794450998306274,2024-07-10 09:35:08.736555,0
191,2.0297768,38.024452,257.37012,-27.317226,5.3710938,41.601562,13.964844,14.124083757400513,2024-07-10 09:35:22.861011,0
192,2.0297768,38.024452,258.82812,-24.975342,5.3710938,41.69922,13.964844,14.275144338607788,2024-07-10 09:35:37.136734,0
193,2.0297768,38.024452,259.2015,-24.975342,5.3710938,41.69922,13.964844,14.328152179718018,2024-07-10 09:35:51.465260,0
194,2.0297768,38.024452,262.3114,-24.767342,5.3710938,41.796875,13.964844,14.382962226867676,2024-07-10 09:36:05.848649,0
195,2.0297768,38.213943,263.35043,-24.732815,5.46875,41.796875,13.964844,13.62582516670227,2024-07-10 09:36:19.474878,0
196,2.0297768,38.213943,263.67273,-24.732815,5.46875,41.796875,13.964844,14.070603370666504,2024-07-10 09:36:33.545858,0
197,2.0297768,38.213943,263.767,-26.607979,5.46875,41.796875,14.0625,13.92722773551941,2024-07-10 09:36:47.473496,0
198,2.0297768,38.558357,263.99185,-26.256918,5.46875,41.89453,14.0625,14.098793745040894,2024-07-10 09:37:01.572722,0
199,2.0297768,38.558357,263.9811,-26.256918,5.46875,42.089844,14.0625,14.639893293380737,2024-07-10 09:37:16.212987,0
200,2.0297768,38.558357,264.09076,-26.22501,5.46875,42.089844,14.160156,14.017634391784668,2024-07-10 09:37:30.230994,0
201,2.0297768,38.558357,265.0454,-26.22501,5.46875,42.1875,14.160156,14.388226985931396,2024-07-10 09:37:44.619738,0
202,2.0297768,38.558357,265.42792,-26.22501,5.46875,42.1875,14.160156,14.155997276306152,2024-07-10 09:37:58.776150,0
203,2.0297768,38.558357,266.17798,-25.545427,5.46875,42.1875,14.160156,14.412883043289185,2024-07-10 09:38:13.189471,0
204,2.0297768,38.558357,267.4803,-24.876848,5.46875,42.285156,14.160156,14.54807710647583,2024-07-10 09:38:27.738254,0
205,2.0297768,38.558357,269.62778,-24.225254,5.46875,42.285156,14.160156,14.069684982299805,2024-07-10 09:38:41.808637,0
206,2.0297768,38.558357,270.72144,-23.877237,5.46875,42.382812,14.160156,14.36814570426941,2024-07-10 09:38:56.177159,0
207,2.0297768,38.937553,272.38055,-22.347933,5.5664062,42.382812,14.160156,14.454746723175049,2024-07-10 09:39:10.632314,0
208,2.0297768,39.122272,274.4195,-22.054602,5.6640625,42.48047,14.160156,14.291306734085083,2024-07-10 09:39:24.923991,0
209,2.0297768,39.30716,274.9123,-22.054602,5.6640625,42.48047,14.160156,14.065945386886597,2024-07-10 09:39:38.990305,0
210,2.0297768,39.30716,275.25528,-22.01612,5.6640625,42.48047,14.160156,14.63030743598938,2024-07-10 09:39:53.621252,0
211,2.0297768,39.58249,275.6801,-22.01612,5.7617188,42.48047,14.160156,14.503394365310669,2024-07-10 09:40:08.125066,0
212,2.0297768,39.58249,275.86612,-22.005482,5.7617188,42.48047,14.160156,13.749139785766602,2024-07-10 09:40:21.874613,0
213,2.0297768,39.58249,275.9639,-22.005482,5.7617188,42.48047,14.160156,14.067378759384155,2024-07-10 09:40:35.942410,0
214,2.0297768,39.600136,277.33618,-22.81167,5.7617188,42.578125,14.2578125,14.321375370025635,2024-07-10 09:40:50.264355,0
215,2.0297768,39.640827,278.0871,-25.614136,5.7617188,42.67578,14.355469,13.864027500152588,2024-07-10 09:41:04.128935,0
216,2.0297768,39.666122,279.03107,-25.204544,5.7617188,42.67578,14.355469,14.059095621109009,2024-07-10 09:41:18.188449,0
217,2.0297768,39.76984,279.49994,-25.164768,5.7617188,42.67578,14.355469,14.33857774734497,2024-07-10 09:41:32.527469,0
218,2.0297768,39.771507,279.7376,-24.92583,5.7617188,42.67578,14.355469,14.288023233413696,2024-07-10 09:41:46.816054,0
219,2.0297768,40.051994,281.15234,-24.180807,5.859375,42.67578,14.355469,13.92850661277771,2024-07-10 09:42:00.744932,0
220,2.0297768,40.078842,281.39398,-23.614653,5.859375,42.67578,14.355469,14.098538875579834,2024-07-10 09:42:14.843847,0
221,2.0297768,40.078842,282.11395,-23.141954,5.859375,42.773438,14.355469,14.116957187652588,2024-07-10 09:42:28.961397,0
222,2.0297768,40.41263,282.51154,-23.11893,5.9570312,42.871094,14.355469,14.555556058883667,2024-07-10 09:42:43.517381,0
223,2.0297768,40.42183,282.70123,-23.11893,5.9570312,42.871094,14.355469,14.225569248199463,2024-07-10 09:42:57.743377,0
224,2.0297768,40.42183,282.79584,-23.094116,5.9570312,42.871094,14.453125,14.489333629608154,2024-07-10 09:43:12.233248,0
225,2.0297768,40.42183,283.0101,-23.094116,5.9570312,42.871094,14.453125,14.085217237472534,2024-07-10 09:43:26.319003,0
226,2.0297768,40.434868,284.33215,-22.936726,5.9570312,42.96875,14.453125,14.33014726638794,2024-07-10 09:43:40.649567,0
227,2.0297768,40.26848,286.03467,-22.178421,6.0546875,42.96875,14.453125,14.014507293701172,2024-07-10 09:43:54.664843,0
228,2.1193457,40.47122,288.3435,-21.821495,6.0546875,42.96875,14.453125,14.159300088882446,2024-07-10 09:44:08.824512,0
229,2.1193457,40.68766,288.83133,-21.821495,6.1523438,43.066406,14.453125,14.4644296169281,2024-07-10 09:44:23.289357,0
230,2.1193457,40.68766,289.73514,-21.721157,6.1523438,43.164062,14.453125,14.117971658706665,2024-07-10 09:44:37.407898,0
231,2.1193457,40.68766,290.73486,-21.590595,6.1523438,43.26172,14.453125,14.356840133666992,2024-07-10 09:44:51.765103,0
232,2.1193457,40.68766,288.87057,-20.76513,6.1523438,43.359375,14.453125,14.197383403778076,2024-07-10 09:45:05.962890,0
233,2.1193457,40.68766,289.84427,-20.708984,6.1523438,43.45703,14.453125,13.948587417602539,2024-07-10 09:45:19.911887,0
234,2.1193457,40.68766,290.81653,-20.536469,6.1523438,43.652344,14.453125,14.36122179031372,2024-07-10 09:45:34.273555,0
235,2.1193457,40.68766,291.7658,-20.536469,6.1523438,43.652344,14.453125,13.95944333076477,2024-07-10 09:45:48.233406,0
236,2.1193457,40.68766,292.01453,-19.544636,6.1523438,43.652344,14.453125,14.33892011642456,2024-07-10 09:46:02.572756,0
237,2.1193457,41.12504,292.5705,-19.541117,6.25,43.75,14.453125,13.84349012374878,2024-07-10 09:46:16.416655,0
238,2.8503342,41.90403,295.34262,-17.736486,6.25,43.75,14.453125,14.443830728530884,2024-07-10 09:46:30.860860,0
239,2.8503342,41.90403,295.71667,-17.716108,6.25,43.847656,14.453125,14.48056173324585,2024-07-10 09:46:45.341909,0
240,2.8503342,41.90403,296.89105,-17.716108,6.25,43.847656,14.453125,14.129330396652222,2024-07-10 09:46:59.471655,0
241,2.8503342,41.90403,299.05408,-17.56799,6.25,43.945312,14.453125,14.443589210510254,2024-07-10 09:47:13.915678,0
242,2.8503342,41.90403,300.71185,-17.426294,6.25,43.945312,14.453125,14.70943021774292,2024-07-10 09:47:28.625487,0
243,2.8503342,41.99009,300.61597,-17.426294,6.25,44.04297,14.453125,14.58318281173706,2024-07-10 09:47:43.209179,0
244,2.8503342,41.99009,300.91144,-16.830183,6.25,44.04297,14.453125,14.685837745666504,2024-07-10 09:47:57.895438,0
245,2.8503342,43.066833,305.00525,-16.830183,6.25,44.04297,14.453125,14.306836128234863,2024-07-10 09:48:12.202698,0
246,2.8503342,43.09179,305.7464,-18.310373,6.25,44.04297,14.550781,14.095940113067627,2024-07-10 09:48:26.299011,0
247,2.8503342,43.09179,307.19937,-17.321669,6.25,44.04297,14.550781,14.25308609008789,2024-07-10 09:48:40.552570,0
248,2.8503342,43.200478,307.46945,-17.175503,6.25,44.04297,14.550781,14.446022987365723,2024-07-10 09:48:54.999015,0
249,2.8503342,43.29413,309.16217,-16.315,6.25,44.04297,14.550781,14.09204912185669,2024-07-10 09:49:09.091609,0
250,2.8503342,43.426086,310.10577,-16.315,6.25,44.140625,14.550781,14.486219644546509,2024-07-10 09:49:23.578325,0
251,2.8503342,43.426086,310.1848,-16.315,6.25,44.140625,14.550781,14.210647344589233,2024-07-10 09:49:37.789406,0
252,2.8503342,43.426086,310.76703,-16.305088,6.25,44.140625,14.550781,13.943314552307129,2024-07-10 09:49:51.733152,0
253,2.8503342,43.491295,312.38934,-16.190344,6.25,44.140625,14.550781,14.235233783721924,2024-07-10 09:50:05.968809,0
254,2.8503342,43.59755,312.69995,-16.154388,6.25,44.140625,14.550781,14.532008647918701,2024-07-10 09:50:20.501195,0
255,2.8503342,43.956154,313.4386,-17.542824,6.25,44.140625,14.746094,14.196529865264893,2024-07-10 09:50:34.698303,0
256,2.8503342,43.956154,313.54373,-17.050041,6.25,44.140625,14.746094,14.204231262207031,2024-07-10 09:50:48.903007,0
257,2.8503342,43.956154,315.29065,-18.182775,6.25,44.23828,14.84375,13.852106809616089,2024-07-10 09:51:02.755621,0
258,2.8503342,43.956154,316.4703,-18.182775,6.25,44.23828,14.84375,14.236353397369385,2024-07-10 09:51:16.992359,0
259,2.8503342,43.956154,316.62738,-18.164595,6.25,44.23828,14.84375,14.228675127029419,2024-07-10 09:51:31.221404,0
260,2.8503342,44.499496,317.47748,-18.12121,6.25,44.335938,14.84375,13.973681926727295,2024-07-10 09:51:45.195533,0
261,2.8503342,44.499496,318.63324,-17.532604,6.25,44.433594,14.941406,14.635560512542725,2024-07-10 09:51:59.831470,0
262,2.8503342,44.499496,319.27628,-15.842855,6.25,44.433594,14.941406,14.037921905517578,2024-07-10 09:52:13.869989,0
263,2.8503342,44.58886,320.13678,-15.768312,6.25,44.433594,14.941406,14.197935581207275,2024-07-10 09:52:28.068330,0
264,2.8503342,44.58886,320.56128,-15.577784,6.25,44.433594,14.941406,13.798130512237549,2024-07-10 09:52:41.866838,0
265,2.8503342,44.58886,323.86823,-15.577784,6.25,44.53125,14.941406,14.076156616210938,2024-07-10 09:52:55.943400,0
266,2.8503342,44.58886,323.91168,-15.577784,6.25,44.53125,14.941406,14.187389850616455,2024-07-10 09:53:10.131162,0
267,2.8503342,44.58886,324.31494,-15.577784,6.25,44.628906,14.941406,14.16553783416748,2024-07-10 09:53:24.297207,0
268,2.8503342,44.58886,324.3963,-17.543686,6.25,44.628906,15.0390625,13.991494178771973,2024-07-10 09:53:38.289325,0
269,3.2605472,44.999073,327.89362,-16.341139,6.25,44.628906,15.0390625,14.837769269943237,2024-07-10 09:53:53.127526,0
270,3.2605472,45.195637,328.5017,-19.34201,6.25,44.628906,15.136719,14.125626802444458,2024-07-10 09:54:07.253545,0
271,3.2605472,45.195637,328.86572,-18.390228,6.25,44.628906,15.136719,14.115306854248047,2024-07-10 09:54:21.369259,0
272,3.2605472,45.195637,330.28375,-18.390228,6.25,44.726562,15.136719,13.855189561843872,2024-07-10 09:54:35.224871,0
273,3.2605472,45.195637,330.36707,-18.390228,6.25,44.726562,15.136719,14.415109634399414,2024-07-10 09:54:49.640561,0
274,3.2605472,45.229065,330.72385,-20.203316,6.3476562,44.726562,15.234375,14.026770114898682,2024-07-10 09:55:03.667852,0
275,3.2605472,45.678616,332.3387,-21.521152,6.3476562,44.726562,15.332031,14.176862478256226,2024-07-10 09:55:17.845308,0
276,3.2605472,45.678616,333.37305,-21.521152,6.3476562,44.82422,15.332031,14.066273927688599,2024-07-10 09:55:31.912017,0
277,3.2605472,46.133842,335.32858,-20.906445,6.4453125,44.921875,15.332031,14.400129795074463,2024-07-10 09:55:46.312557,0
278,3.2605472,46.133842,336.21805,-19.416143,6.4453125,44.921875,15.332031,13.960453033447266,2024-07-10 09:56:00.273387,0
279,3.2605472,46.133842,336.0466,-18.445826,6.4453125,45.01953,15.332031,14.375315189361572,2024-07-10 09:56:14.649126,0
280,3.2605472,46.133842,337.26248,-17.171291,6.4453125,45.01953,15.332031,14.371465682983398,2024-07-10 09:56:29.020997,0
281,3.2605472,46.133842,338.05353,-16.5984,6.4453125,45.01953,15.332031,14.524410724639893,2024-07-10 09:56:43.545776,0
282,3.2605472,46.133842,338.05353,-15.550768,6.4453125,45.01953,15.332031,14.128422021865845,2024-07-10 09:56:57.674613,0
283,3.2605472,46.133842,338.37823,-15.296858,6.4453125,45.01953,15.332031,14.00550365447998,2024-07-10 09:57:11.680658,0
284,3.2605472,46.133842,338.96634,-15.261799,6.4453125,45.01953,15.332031,13.813750505447388,2024-07-10 09:57:25.494781,0
285,3.2605472,46.133842,339.86664,-15.226839,6.4453125,45.01953,15.332031,14.091315031051636,2024-07-10 09:57:39.586688,0
286,3.2605472,46.263622,342.50452,-14.239582,6.4453125,45.01953,15.332031,14.660837411880493,2024-07-10 09:57:54.247991,0
287,3.2605472,46.263622,343.93005,-14.239582,6.4453125,45.01953,15.332031,13.834370613098145,2024-07-10 09:58:08.082723,0
288,3.662312,46.66539,348.08673,-13.060366,6.4453125,45.117188,15.332031,14.406430959701538,2024-07-10 09:58:22.489544,0
289,3.662312,46.75962,348.71414,-13.060366,6.4453125,45.214844,15.332031,14.030522584915161,2024-07-10 09:58:36.520471,0
290,3.662312,46.869305,349.65253,-13.060366,6.4453125,45.214844,15.332031,14.768332719802856,2024-07-10 09:58:51.289179,0
291,3.662312,47.112656,350.44366,-11.5986805,6.4453125,45.3125,15.332031,14.059109210968018,2024-07-10 09:59:05.348706,0
292,3.662312,47.112656,351.02936,-17.633259,6.4453125,45.3125,15.527344,13.795934915542603,2024-07-10 09:59:19.145196,0
293,3.662312,47.112656,351.8507,-16.744669,6.4453125,45.3125,15.527344,14.266871690750122,2024-07-10 09:59:33.412480,0
294,3.662312,48.00374,352.57733,-16.744669,6.4453125,45.3125,15.527344,13.97219729423523,2024-07-10 09:59:47.385194,0
295,3.662312,48.59304,353.42072,-16.744669,6.4453125,45.410156,15.527344,13.867531538009644,2024-07-10 10:00:01.253140,0
296,3.662312,48.8506,354.93408,-19.748323,6.5429688,45.410156,15.625,14.12880539894104,2024-07-10 10:00:15.382351,0
297,3.662312,48.864998,355.3511,-19.736889,6.5429688,45.410156,15.625,14.245138883590698,2024-07-10 10:00:29.628043,0
298,3.662312,48.864998,356.51068,-19.887623,6.5429688,45.410156,15.722656,14.503830194473267,2024-07-10 10:00:44.132246,0
299,3.662312,48.864998,356.64676,-19.887623,6.5429688,45.507812,15.722656,14.306178092956543,2024-07-10 10:00:58.438805,0
300,3.662312,48.864998,357.01978,-24.29826,6.5429688,45.507812,15.8203125,13.916680812835693,2024-07-10 10:01:12.355965,0
301,3.662312,48.977997,357.74316,-23.488628,6.5429688,45.507812,15.8203125,14.568150997161865,2024-07-10 10:01:26.924700,0
302,3.662312,49.128593,358.10553,-23.488628,6.5429688,45.507812,15.8203125,14.099409818649292,2024-07-10 10:01:41.024479,0
303,3.662312,49.128593,358.81003,-23.487724,6.5429688,45.507812,15.8203125,14.081836462020874,2024-07-10 10:01:55.106688,0
304,3.662312,49.26867,358.92444,-23.246008,6.5429688,45.507812,15.8203125,14.061264991760254,2024-07-10 10:02:09.168593,0
305,3.662312,50.25201,358.94165,-22.746906,6.5429688,45.507812,15.917969,13.88332986831665,2024-07-10 10:02:23.052346,0
306,3.662312,50.25201,359.54175,-20.830292,6.5429688,45.507812,15.917969,14.280511379241943,2024-07-10 10:02:37.333322,0
307,3.662312,50.25201,359.58118,-20.830292,6.5429688,45.60547,15.917969,14.243935108184814,2024-07-10 10:02:51.577686,0
308,3.662312,50.25201,359.59265,-20.830292,6.5429688,45.703125,15.917969,14.271074056625366,2024-07-10 10:03:05.849253,0
309,3.662312,50.36281,359.89972,-20.774029,6.5429688,45.703125,16.015625,14.532077550888062,2024-07-10 10:03:20.381760,0
310,3.662312,50.507195,361.79404,-20.585417,6.5429688,45.703125,16.015625,13.953400611877441,2024-07-10 10:03:34.335568,0
311,3.662312,51.64353,361.79404,-20.585417,6.640625,45.703125,16.015625,14.27696418762207,2024-07-10 10:03:48.612972,0
312,3.662312,51.64353,362.42523,-20.585417,6.640625,45.703125,16.015625,14.097169876098633,2024-07-10 10:04:02.710576,0
313,3.664159,51.645382,368.22202,-18.188,6.640625,45.80078,16.015625,14.302862644195557,2024-07-10 10:04:17.014004,0
314,3.664159,51.645382,369.39865,-18.188,6.640625,45.80078,16.015625,14.071380853652954,2024-07-10 10:04:31.085799,0
315,3.664159,51.780346,371.2359,-16.10206,6.640625,45.80078,16.015625,14.47173547744751,2024-07-10 10:04:45.557944,0
316,3.664159,51.780346,371.68265,-16.091787,6.640625,45.898438,16.015625,14.19860577583313,2024-07-10 10:04:59.757069,0
317,3.664159,51.780346,371.7118,-16.08371,6.640625,45.898438,16.015625,14.489321947097778,2024-07-10 10:05:14.246812,0
318,3.664159,52.133095,374.36823,-14.6580305,6.640625,45.898438,16.015625,14.643059968948364,2024-07-10 10:05:28.890278,0
319,3.664159,52.133095,375.1331,-14.6580305,6.640625,45.996094,16.015625,14.221738338470459,2024-07-10 10:05:43.112492,0
320,3.664159,52.180225,378.11398,-14.370639,6.640625,45.996094,16.015625,14.679085731506348,2024-07-10 10:05:57.791952,0
321,3.664159,52.180225,378.96683,-13.551489,6.640625,45.996094,16.015625,13.43601942062378,2024-07-10 10:06:11.228341,0
322,3.664159,52.180225,380.41144,-13.204206,6.640625,46.09375,16.015625,14.196205139160156,2024-07-10 10:06:25.424918,0
323,3.664159,52.180225,380.41336,-13.144953,6.640625,46.09375,16.015625,14.042624473571777,2024-07-10 10:06:39.467937,0
324,3.664159,52.180225,381.70532,-12.876944,6.640625,46.191406,16.015625,14.18687105178833,2024-07-10 10:06:53.655185,0
325,3.664159,52.220985,382.17383,-12.843868,6.640625,46.191406,16.015625,14.040863037109375,2024-07-10 10:07:07.696516,0
326,3.664159,52.220985,382.1783,-12.843868,6.640625,46.191406,16.015625,14.313336849212646,2024-07-10 10:07:22.010235,0
327,3.664159,52.233673,383.59894,-12.760649,6.640625,46.289062,16.015625,14.58920693397522,2024-07-10 10:07:36.600008,0
328,3.7158318,52.642998,388.2505,-10.76058,6.640625,46.289062,16.015625,14.369105815887451,2024-07-10 10:07:50.969683,0
329,3.7158318,52.642998,388.63727,-10.76058,6.640625,46.289062,16.015625,14.439034461975098,2024-07-10 10:08:05.409129,0
330,3.7158318,52.72256,389.6031,-10.474125,6.7382812,46.289062,16.015625,14.533547163009644,2024-07-10 10:08:19.943333,0
331,3.7158318,53.207108,389.60907,-10.474125,6.7382812,46.289062,16.015625,14.027974605560303,2024-07-10 10:08:33.971896,0
332,3.7158318,53.318214,389.90802,-10.348177,6.7382812,46.289062,16.015625,14.213651180267334,2024-07-10 10:08:48.185945,0
333,3.7158318,53.318214,390.73676,-10.348177,6.7382812,46.289062,16.015625,14.150402069091797,2024-07-10 10:09:02.336756,0
334,3.7158318,53.369987,390.79333,-10.348177,6.7382812,46.289062,16.015625,14.212159395217896,2024-07-10 10:09:16.549288,0
335,3.7158318,53.369987,392.1903,-10.183128,6.7382812,46.289062,16.015625,14.634181022644043,2024-07-10 10:09:31.183883,0
336,3.7158318,54.017143,393.4965,-8.36945,6.7382812,46.289062,16.113281,14.528355360031128,2024-07-10 10:09:45.712677,0
337,3.7158318,54.017143,393.76355,-8.36945,6.7382812,46.38672,16.113281,14.270227909088135,2024-07-10 10:09:59.983270,0
338,3.7158318,54.017143,393.78973,-8.36945,6.7382812,46.38672,16.113281,13.996082544326782,2024-07-10 10:10:13.979735,0
339,3.7158318,54.144375,394.20483,-7.037716,6.7382812,46.38672,16.113281,14.289796352386475,2024-07-10 10:10:28.269971,0
340,3.7158318,54.144375,395.0973,-7.037716,6.7382812,46.38672,16.113281,14.198630332946777,2024-07-10 10:10:42.469019,0
341,3.7158318,54.16922,396.2011,-5.5562053,6.7382812,46.38672,16.113281,13.976295948028564,2024-07-10 10:10:56.445692,0
342,3.7158318,54.16922,396.90857,-5.5562053,6.7382812,46.38672,16.113281,14.655217170715332,2024-07-10 10:11:11.101325,0
343,3.7158318,54.16922,396.96716,-5.5562053,6.7382812,46.38672,16.113281,14.326354742050171,2024-07-10 10:11:25.428105,0
344,3.7158318,54.16922,397.6831,-5.462379,6.7382812,46.38672,16.113281,13.906573295593262,2024-07-10 10:11:39.335099,0
345,3.7158318,54.16922,398.55377,-5.4124713,6.7382812,46.38672,16.113281,14.477646827697754,2024-07-10 10:11:53.813118,0
346,3.7158318,54.16922,399.38824,-5.345932,6.7382812,46.38672,16.113281,14.583804368972778,2024-07-10 10:12:08.397363,0
347,3.7158318,54.16922,400.5972,-5.179277,6.7382812,46.38672,16.113281,13.976041078567505,2024-07-10 10:12:22.373850,0
348,3.7158318,54.16922,400.8456,-4.9744067,6.7382812,46.38672,16.113281,14.446999311447144,2024-07-10 10:12:36.821261,0
349,3.7158318,54.24028,401.2296,-4.9405713,6.7382812,46.38672,16.113281,14.155724048614502,2024-07-10 10:12:50.977404,0
350,3.7158318,54.241726,401.6104,-5.0748606,6.7382812,46.38672,16.210938,14.544665098190308,2024-07-10 10:13:05.522494,0
351,3.7158318,54.241726,401.8728,-5.0748606,6.7382812,46.38672,16.210938,14.64594030380249,2024-07-10 10:13:20.168933,0
352,3.7158318,54.241726,402.24207,-5.0748606,6.7382812,46.38672,16.210938,14.32237720489502,2024-07-10 10:13:34.491687,0
353,3.7158318,54.431763,402.6768,-8.080139,6.7382812,46.38672,16.308594,13.729000806808472,2024-07-10 10:13:48.221169,0
354,3.7158318,54.431763,403.62085,-7.9127555,6.7382812,46.484375,16.308594,14.56441044807434,2024-07-10 10:14:02.785992,0
355,3.7158318,54.431763,403.76532,-7.9127555,6.7382812,46.484375,16.308594,14.607900619506836,2024-07-10 10:14:17.394302,0
356,3.7158318,54.431763,405.49875,-10.277754,6.7382812,46.484375,16.40625,14.020964622497559,2024-07-10 10:14:31.415702,0
357,3.7158318,54.431763,405.49875,-9.839593,6.7382812,46.484375,16.40625,14.584319353103638,2024-07-10 10:14:46.000531,0
358,3.7158318,54.431763,406.08502,-9.051529,6.7382812,46.484375,16.40625,14.029282808303833,2024-07-10 10:15:00.030181,0
359,3.7158318,54.431763,408.2689,-7.4017677,6.7382812,46.484375,16.40625,14.555103540420532,2024-07-10 10:15:14.585731,0
360,3.7158318,54.4748,408.9005,-7.4017677,6.7382812,46.484375,16.40625,13.95450735092163,2024-07-10 10:15:28.540649,0
361,3.7158318,54.4748,409.24567,-7.2877493,6.7382812,46.484375,16.40625,14.422990083694458,2024-07-10 10:15:42.964133,0
362,3.7158318,54.4748,409.7606,-7.2877493,6.7382812,46.484375,16.40625,14.267637491226196,2024-07-10 10:15:57.232155,0
363,3.7158318,54.4748,410.4848,-6.676696,6.7382812,46.484375,16.40625,14.208354949951172,2024-07-10 10:16:11.441310,0
364,3.7158318,54.4748,410.52225,-6.676696,6.7382812,46.484375,16.40625,14.137202978134155,2024-07-10 10:16:25.579106,0
365,3.7158318,54.4748,410.9035,-6.676696,6.7382812,46.484375,16.40625,14.383361101150513,2024-07-10 10:16:39.962837,0
366,3.7158318,54.4748,411.08826,-6.676696,6.7382812,46.484375,16.40625,14.050002336502075,2024-07-10 10:16:54.013237,0
367,3.7158318,54.51942,412.24463,-9.262592,6.7382812,46.484375,16.503906,14.482152462005615,2024-07-10 10:17:08.495811,0
368,3.7158318,54.51942,413.37372,-8.471657,6.7382812,46.484375,16.503906,14.017522811889648,2024-07-10 10:17:22.513701,0
369,3.7158318,54.51942,413.48914,-8.471657,6.7382812,46.484375,16.503906,14.226039409637451,2024-07-10 10:17:36.740149,0
370,3.7158318,54.488716,414.19006,-8.21504,6.8359375,46.58203,16.503906,14.450509548187256,2024-07-10 10:17:51.191035,0
371,3.7158318,54.488716,416.2734,-8.207962,6.8359375,46.58203,16.503906,14.149115085601807,2024-07-10 10:18:05.340708,0
372,3.7158318,54.488716,416.5579,-8.207962,6.8359375,46.58203,16.503906,14.412440776824951,2024-07-10 10:18:19.753675,0
373,3.7158318,54.488716,416.73474,-8.085188,6.8359375,46.58203,16.503906,14.426959037780762,2024-07-10 10:18:34.181043,0
374,3.7158318,54.488716,416.88763,-7.1843395,6.8359375,46.58203,16.601562,14.19538402557373,2024-07-10 10:18:48.376909,0
375,3.7158318,54.488716,417.2315,-5.759804,6.8359375,46.58203,16.601562,13.892674446105957,2024-07-10 10:19:02.269954,0
376,3.7158318,54.488716,417.67673,-5.759804,6.8359375,46.58203,16.601562,13.955535173416138,2024-07-10 10:19:16.225896,0
377,3.7158318,54.734314,417.67673,-5.759804,6.8359375,46.58203,16.601562,14.489437818527222,2024-07-10 10:19:30.715738,0
378,3.7158318,54.824608,417.94806,-5.759804,6.8359375,46.58203,16.601562,13.796231746673584,2024-07-10 10:19:44.512561,0
379,3.7158318,54.824608,419.20425,-5.6388655,6.8359375,46.679688,16.601562,14.28915548324585,2024-07-10 10:19:58.802085,0
380,3.7158318,55.112434,419.78854,-5.6388655,6.8359375,46.679688,16.601562,14.274915218353271,2024-07-10 10:20:13.077480,0
381,3.7158318,55.146114,419.78854,-5.6388655,6.8359375,46.679688,16.601562,14.520253896713257,2024-07-10 10:20:27.598148,0
382,3.7158318,55.146114,420.0771,-4.306631,6.8359375,46.679688,16.699219,13.883013010025024,2024-07-10 10:20:41.481593,0
383,3.7158318,55.26409,420.6369,-4.503621,6.8359375,46.679688,16.796875,14.031089305877686,2024-07-10 10:20:55.513100,0
384,3.7158318,55.38711,421.1598,-3.9065905,6.8359375,46.679688,16.796875,14.064382791519165,2024-07-10 10:21:09.578144,0
385,3.7158318,55.38711,421.82678,-3.9065905,6.8359375,46.679688,16.796875,14.03287935256958,2024-07-10 10:21:23.611462,0
386,3.7158318,55.38711,421.8303,-3.9065905,6.8359375,46.679688,16.796875,13.990325450897217,2024-07-10 10:21:37.602233,0
387,3.7158318,55.498726,422.27014,-3.9065905,6.8359375,46.679688,16.796875,14.558269500732422,2024-07-10 10:21:52.160934,0
388,3.7158318,55.507767,422.84003,-3.2188368,6.8359375,46.679688,16.796875,13.97215223312378,2024-07-10 10:22:06.133675,0
389,3.7158318,55.507767,422.90173,-3.2188368,6.8359375,46.679688,16.796875,14.139016389846802,2024-07-10 10:22:20.273098,0
390,3.7158318,55.507767,424.0335,-3.2188368,6.8359375,46.777344,16.796875,14.548614740371704,2024-07-10 10:22:34.822124,0
391,3.7158318,56.03608,424.50812,-2.8589125,6.8359375,46.777344,16.796875,14.37353253364563,2024-07-10 10:22:49.196066,0
392,3.7158318,56.03608,425.0998,-2.6130924,6.8359375,46.777344,16.796875,14.11256217956543,2024-07-10 10:23:03.309238,0
393,3.7158318,56.03608,425.2545,-2.6130924,6.8359375,46.777344,16.796875,14.032266616821289,2024-07-10 10:23:17.341919,0
394,3.7158318,56.03608,425.31616,-2.3341331,6.8359375,46.777344,16.796875,14.670750617980957,2024-07-10 10:23:32.013077,0
395,3.7158318,56.157997,425.31616,-2.3341331,6.8359375,46.777344,16.796875,14.034696578979492,2024-07-10 10:23:46.048170,0
396,3.7158318,56.157997,425.70673,-2.2391376,6.8359375,46.777344,16.796875,14.44332766532898,2024-07-10 10:24:00.491869,0
397,3.7158318,56.157997,426.45776,-5.2391014,6.8359375,46.777344,16.894531,13.959869146347046,2024-07-10 10:24:14.452122,0
398,3.7158318,56.157997,426.69223,-5.2391014,6.8359375,46.777344,16.894531,13.973089933395386,2024-07-10 10:24:28.425584,0
399,3.7158318,56.164585,427.48468,-8.135688,6.8359375,46.972656,16.992188,14.042346477508545,2024-07-10 10:24:42.468345,0
400,3.7158318,56.164585,427.80264,-8.135688,6.8359375,46.972656,16.992188,14.716359615325928,2024-07-10 10:24:57.185076,0
401,3.7158318,56.164585,428.5273,-8.135688,6.8359375,46.972656,16.992188,14.122639417648315,2024-07-10 10:25:11.308238,0
402,3.7158318,56.164585,428.53186,-8.135688,6.8359375,46.972656,16.992188,14.334460973739624,2024-07-10 10:25:25.643207,0
403,3.7158318,56.164585,429.3271,-7.3802967,6.8359375,46.972656,16.992188,14.045754432678223,2024-07-10 10:25:39.689415,0
404,3.7158318,56.3663,429.3531,-7.3802967,6.8359375,46.972656,16.992188,14.07429313659668,2024-07-10 10:25:53.764139,0
405,3.7158318,56.503525,431.92865,-7.1353407,6.8359375,46.972656,16.992188,14.157409906387329,2024-07-10 10:26:07.922146,0
406,3.7158318,56.448578,431.92865,-7.1353407,6.9335938,46.972656,16.992188,14.133376598358154,2024-07-10 10:26:22.055998,0
407,3.7158318,56.47767,434.26892,-7.129986,6.9335938,46.972656,16.992188,14.594593048095703,2024-07-10 10:26:36.650961,0
408,3.7158318,57.006714,434.72864,-6.191443,7.03125,47.070312,16.992188,14.560559272766113,2024-07-10 10:26:51.211917,0
409,3.7158318,57.006714,436.32117,-7.2045846,7.03125,47.070312,17.089844,14.554842710494995,2024-07-10 10:27:05.767273,0
410,3.7158318,57.546616,438.08405,-6.9865,7.1289062,47.070312,17.089844,14.223693370819092,2024-07-10 10:27:19.991670,0
411,3.7158318,57.546616,438.91803,-6.6297584,7.1289062,47.16797,17.089844,14.052952766418457,2024-07-10 10:27:34.044993,0
412,3.7158318,57.64733,439.79883,-9.353988,7.1289062,47.16797,17.1875,14.139833927154541,2024-07-10 10:27:48.185203,0
413,3.7158318,57.64733,440.60626,-9.340188,7.1289062,47.16797,17.1875,14.242903470993042,2024-07-10 10:28:02.428523,0
414,3.7158318,57.64733,440.68854,-9.262584,7.1289062,47.16797,17.1875,13.539605379104614,2024-07-10 10:28:15.968498,0
415,3.7158318,57.64733,442.3976,-8.400657,7.1289062,47.265625,17.1875,14.630779504776001,2024-07-10 10:28:30.599690,0
416,3.7158318,57.64733,443.20593,-8.400657,7.1289062,47.265625,17.1875,13.816010236740112,2024-07-10 10:28:44.416179,0
417,3.7158318,57.64733,443.37915,-8.242059,7.1289062,47.265625,17.285156,14.805387020111084,2024-07-10 10:28:59.221969,0
418,3.7158318,57.68177,444.69394,-7.4418945,7.1289062,47.265625,17.285156,14.366711378097534,2024-07-10 10:29:13.589091,0
419,3.7158318,57.68177,444.70334,-7.4418945,7.1289062,47.265625,17.285156,14.401741981506348,2024-07-10 10:29:27.991519,0
420,3.7158318,57.68177,445.9925,-6.631358,7.1289062,47.265625,17.285156,14.200222253799438,2024-07-10 10:29:42.192253,0
421,3.7158318,57.68177,446.43826,-6.4707737,7.1289062,47.265625,17.382812,14.130359649658203,2024-07-10 10:29:56.322983,0
422,3.7158318,57.832184,447.23148,-5.505334,7.2265625,47.265625,17.382812,14.055976390838623,2024-07-10 10:30:10.379484,0
423,3.7158318,57.832184,447.6115,-5.505334,7.2265625,47.265625,17.382812,14.84064531326294,2024-07-10 10:30:25.220654,0
424,3.7378855,57.85424,450.89844,-5.5262456,7.2265625,47.265625,17.480469,14.423397541046143,2024-07-10 10:30:39.644423,0
425,3.7378855,58.177513,451.15643,-5.4899564,7.2265625,47.265625,17.480469,14.04494857788086,2024-07-10 10:30:53.689743,0
426,3.7378855,58.177513,451.3119,-5.3225536,7.2265625,47.265625,17.480469,14.341094017028809,2024-07-10 10:31:08.031263,0
427,3.7378855,58.382843,453.57233,-4.562504,7.2265625,47.265625,17.480469,14.118419170379639,2024-07-10 10:31:22.150304,0
428,3.7378855,58.382843,453.7368,-3.5649338,7.2265625,47.265625,17.480469,13.93684697151184,2024-07-10 10:31:36.087572,0
429,3.7378855,58.382843,453.7887,-3.5649338,7.2265625,47.265625,17.480469,13.560223817825317,2024-07-10 10:31:49.648165,0
430,3.7378855,58.382843,453.79102,-3.1681728,7.2265625,47.265625,17.480469,14.623628854751587,2024-07-10 10:32:04.272231,0
431,3.7378855,58.782738,454.3348,-3.2512603,7.2265625,47.265625,17.578125,14.005669593811035,2024-07-10 10:32:18.278273,0
432,3.7378855,59.462074,454.5666,-3.2512603,7.3242188,47.265625,17.578125,14.113525152206421,2024-07-10 10:32:32.392398,0
433,3.7378855,59.462074,454.58527,-2.932098,7.3242188,47.265625,17.578125,14.231920957565308,2024-07-10 10:32:46.624798,0
434,3.7378855,59.92229,455.33847,-2.932098,7.421875,47.265625,17.578125,14.292440176010132,2024-07-10 10:33:00.917607,0
435,3.7378855,59.92229,455.49408,-2.7175097,7.421875,47.265625,17.578125,13.999493837356567,2024-07-10 10:33:14.917523,0
436,3.7378855,59.92229,455.6834,-2.7175097,7.421875,47.265625,17.578125,14.174484491348267,2024-07-10 10:33:29.092678,0
437,3.7378855,59.92229,455.6834,-2.7175097,7.421875,47.265625,17.578125,14.233316421508789,2024-07-10 10:33:43.326435,0
438,3.7378855,59.92229,455.82556,-2.7175097,7.421875,47.265625,17.578125,14.606091737747192,2024-07-10 10:33:57.933095,0
439,3.7378855,60.350437,455.82556,-2.7175097,7.421875,47.265625,17.578125,13.960257530212402,2024-07-10 10:34:11.893780,0
440,3.7378855,60.350437,455.93604,-2.2564054,7.421875,47.265625,17.578125,13.778083086013794,2024-07-10 10:34:25.672276,0
441,3.7378855,60.350437,456.036,-1.7651725,7.421875,47.265625,17.578125,14.161320924758911,2024-07-10 10:34:39.833971,0
442,3.7378855,60.350437,457.11142,-1.7651725,7.421875,47.265625,17.578125,14.044333457946777,2024-07-10 10:34:53.878886,0
443,3.7378855,60.350437,457.45135,-0.9728961,7.421875,47.265625,17.578125,14.072067975997925,2024-07-10 10:35:07.951449,0
444,3.7378855,60.350437,457.45135,0.042639732,7.421875,47.265625,17.578125,14.303669214248657,2024-07-10 10:35:22.255530,0
445,3.7378855,60.350437,457.52936,0.40091324,7.421875,47.265625,17.578125,14.051878929138184,2024-07-10 10:35:36.307831,0
446,3.7378855,60.444744,459.50815,3.5391083,7.421875,47.265625,17.578125,14.432365894317627,2024-07-10 10:35:50.740821,0
447,3.7378855,60.444744,459.68103,3.5998726,7.421875,47.265625,17.578125,14.278745174407959,2024-07-10 10:36:05.020091,0
448,3.7378855,60.444744,461.38635,4.766969,7.421875,47.265625,17.578125,14.324406623840332,2024-07-10 10:36:19.345065,0
449,3.7378855,60.444744,461.3911,4.766969,7.421875,47.265625,17.578125,14.403573513031006,2024-07-10 10:36:33.749040,0
450,3.7378855,60.444744,461.50635,5.1776443,7.421875,47.265625,17.578125,14.074857950210571,2024-07-10 10:36:47.824278,0
451,3.7378855,60.496204,462.31323,5.1776443,7.421875,47.265625,17.578125,13.817320585250854,2024-07-10 10:37:01.641967,0
452,3.7378855,60.496204,462.85553,5.1776443,7.421875,47.265625,17.578125,14.427452564239502,2024-07-10 10:37:16.069834,0
453,3.7378855,60.496204,463.45056,5.1776443,7.421875,47.265625,17.578125,14.337815284729004,2024-07-10 10:37:30.408062,0
454,3.7378855,60.496204,465.41943,6.2295003,7.421875,47.265625,17.578125,14.376956462860107,2024-07-10 10:37:44.785463,0
455,3.7378855,60.496204,467.4292,6.2295003,7.421875,47.265625,17.578125,14.398336410522461,2024-07-10 10:37:59.184204,0
456,3.7378855,60.496204,468.12857,6.2462945,7.421875,47.265625,17.578125,14.808591604232788,2024-07-10 10:38:13.993168,0
457,3.7378855,60.496204,469.7487,6.4011245,7.421875,47.265625,17.578125,13.886584281921387,2024-07-10 10:38:27.880160,0
458,3.7378855,60.496204,469.7487,6.4011245,7.421875,47.265625,17.578125,14.010685443878174,2024-07-10 10:38:41.891218,0
459,3.7378855,60.496204,470.48145,6.4011245,7.421875,47.265625,17.578125,14.5684175491333,2024-07-10 10:38:56.460107,0
460,3.7378855,60.496204,471.2478,6.4011245,7.421875,47.265625,17.578125,14.341921329498291,2024-07-10 10:39:10.802407,0
461,3.7378855,60.785686,471.3017,6.4011245,7.5195312,47.265625,17.578125,14.170283079147339,2024-07-10 10:39:24.973095,0
462,3.7378855,60.785686,471.52118,6.9803634,7.5195312,47.265625,17.578125,14.526973962783813,2024-07-10 10:39:39.500485,0
463,3.7378855,61.32556,471.6691,6.9803634,7.5195312,47.265625,17.578125,14.258749723434448,2024-07-10 10:39:53.759768,0
464,3.7378855,62.36351,471.70187,6.9803634,7.6171875,47.265625,17.578125,14.38846230506897,2024-07-10 10:40:08.148693,0
465,3.7378855,62.4517,473.3008,8.79048,7.6171875,47.265625,17.578125,14.188144445419312,2024-07-10 10:40:22.337208,0
466,3.7378855,62.95819,473.97107,9.801912,7.6171875,47.265625,17.578125,14.20780873298645,2024-07-10 10:40:36.545557,0
467,3.7378855,62.95819,474.70917,9.801912,7.6171875,47.265625,17.578125,14.106363296508789,2024-07-10 10:40:50.652333,0
468,3.7378855,62.95819,474.75055,9.801912,7.6171875,47.265625,17.578125,14.242900609970093,2024-07-10 10:41:04.895674,0
469,3.7378855,62.995567,476.6574,10.302368,7.6171875,47.265625,17.578125,14.243699073791504,2024-07-10 10:41:19.139831,0
470,3.7378855,62.995567,478.27072,10.332121,7.6171875,47.265625,17.675781,14.54334831237793,2024-07-10 10:41:33.683603,0
471,3.7378855,63.03977,478.2798,10.332121,7.6171875,47.265625,17.675781,14.157820224761963,2024-07-10 10:41:47.841829,0
472,3.7378855,63.03977,478.35773,10.332121,7.6171875,47.265625,17.675781,14.210411787033081,2024-07-10 10:42:02.052654,0
473,3.7378855,63.03977,478.5889,10.332121,7.6171875,47.265625,17.675781,14.306301832199097,2024-07-10 10:42:16.359532,0
474,3.7378855,63.03977,478.5889,12.585077,7.6171875,47.265625,17.675781,14.564202308654785,2024-07-10 10:42:30.924196,0
475,3.7378855,63.03977,478.65518,12.585077,7.6171875,47.265625,17.675781,14.217223167419434,2024-07-10 10:42:45.141791,0
476,3.7378855,63.03977,479.63123,14.083778,7.6171875,47.265625,17.675781,14.311902284622192,2024-07-10 10:42:59.454105,0
477,3.7378855,63.03977,479.63123,14.828274,7.6171875,47.265625,17.675781,14.213708400726318,2024-07-10 10:43:13.668220,0
478,3.7378855,63.03977,479.73407,14.8389015,7.6171875,47.36328,17.675781,14.523014783859253,2024-07-10 10:43:28.191640,0
479,3.7378855,63.204727,480.27945,14.84078,7.6171875,47.36328,17.675781,14.00557017326355,2024-07-10 10:43:42.197580,0
480,3.7378855,63.204727,480.55057,15.0486355,7.6171875,47.36328,17.675781,14.303725242614746,2024-07-10 10:43:56.501768,0
481,3.7378855,63.204727,482.08606,15.0486355,7.6171875,47.36328,17.675781,13.88211989402771,2024-07-10 10:44:10.384305,0
482,3.7378855,63.204727,483.49042,15.0486355,7.6171875,47.36328,17.675781,14.35498833656311,2024-07-10 10:44:24.740038,0
483,3.7378855,63.204727,483.6443,15.0486355,7.6171875,47.36328,17.675781,14.07053017616272,2024-07-10 10:44:38.810973,0
484,3.7378855,63.204727,484.9077,15.248544,7.6171875,47.36328,17.675781,13.992037773132324,2024-07-10 10:44:52.803496,0
485,3.7378855,63.204727,484.91043,15.300347,7.6171875,47.36328,17.675781,14.264386177062988,2024-07-10 10:45:07.068472,0
486,3.7378855,63.204727,485.0158,15.300347,7.6171875,47.36328,17.675781,14.224517822265625,2024-07-10 10:45:21.293363,0
487,3.7378855,63.205994,485.91544,15.467476,7.7148438,47.36328,17.675781,13.93028712272644,2024-07-10 10:45:35.224083,0
488,3.7378855,63.205994,487.64285,15.770454,7.7148438,47.460938,17.675781,14.864721536636353,2024-07-10 10:45:50.089203,0
489,3.7378855,63.502632,487.8493,12.755249,7.7148438,47.460938,17.773438,13.813749313354492,2024-07-10 10:46:03.903444,0
490,3.7378855,63.502632,490.00665,12.755249,7.7148438,47.558594,17.773438,14.025878429412842,2024-07-10 10:46:17.929802,0
491,3.7378855,63.502632,490.1542,12.755249,7.7148438,47.558594,17.773438,13.746582746505737,2024-07-10 10:46:31.676791,0
492,3.7378855,63.502632,492.9665,14.6432705,7.7148438,47.558594,17.773438,14.146308898925781,2024-07-10 10:46:45.823475,0
493,3.7378855,63.502632,493.13394,14.816095,7.7148438,47.65625,17.773438,14.222512006759644,2024-07-10 10:47:00.046419,0
494,3.7378855,63.502632,494.59436,12.644115,7.7148438,47.65625,17.871094,14.27447247505188,2024-07-10 10:47:14.321309,0
495,3.7378855,63.502632,496.6047,12.644115,7.7148438,47.65625,17.871094,14.330947875976562,2024-07-10 10:47:28.652737,0
496,3.7378855,63.502632,496.664,12.644115,7.7148438,47.65625,17.871094,14.150648832321167,2024-07-10 10:47:42.803759,0
497,3.7378855,64.16951,496.664,12.644115,7.7148438,47.65625,17.871094,14.304104804992676,2024-07-10 10:47:57.108413,0
498,3.7378855,64.16951,496.84573,12.7818775,7.7148438,47.65625,17.871094,14.35560417175293,2024-07-10 10:48:11.464541,0
499,3.7378855,64.16951,497.2292,12.7818775,7.7148438,47.65625,17.871094,14.515573978424072,2024-07-10 10:48:25.980482,0
500,3.7378855,64.16951,497.27597,12.790258,7.7148438,47.65625,17.871094,13.916671514511108,2024-07-10 10:48:39.897582,0
501,3.7378855,64.16951,497.61426,12.9776745,7.7148438,47.65625,17.96875,14.386873960494995,2024-07-10 10:48:54.284865,0
502,3.7378855,64.16951,497.8242,13.589811,7.7148438,47.65625,17.96875,14.436222314834595,2024-07-10 10:49:08.721479,0
503,3.7378855,64.16951,498.33316,13.589811,7.7148438,47.65625,17.96875,14.414376974105835,2024-07-10 10:49:23.136262,0
504,3.7378855,64.16951,499.05737,13.74552,7.7148438,47.65625,17.96875,14.065646886825562,2024-07-10 10:49:37.202285,0
505,3.7378855,64.16951,499.1653,13.74552,7.7148438,47.65625,17.96875,14.182566165924072,2024-07-10 10:49:51.385277,0
506,3.7378855,64.16951,501.14282,12.003469,7.7148438,47.65625,18.066406,14.108266592025757,2024-07-10 10:50:05.494017,0
507,3.7378855,64.16951,501.14282,12.008232,7.7148438,47.65625,18.066406,13.936697721481323,2024-07-10 10:50:19.431191,0
508,3.7378855,64.80865,501.15073,12.008232,7.8125,47.65625,18.066406,14.187967538833618,2024-07-10 10:50:33.619529,0
509,3.7378855,64.80865,501.939,12.008232,7.8125,47.65625,18.066406,14.013172388076782,2024-07-10 10:50:47.633073,0
510,3.7378855,64.80865,503.6722,13.787959,7.8125,47.65625,18.066406,13.875495910644531,2024-07-10 10:51:01.509187,0
511,3.7378855,64.80865,503.6722,14.792163,7.8125,47.65625,18.066406,13.986413717269897,2024-07-10 10:51:15.496182,0
512,3.7378855,64.80865,504.34216,14.792163,7.8125,47.65625,18.066406,14.05283808708191,2024-07-10 10:51:29.549504,0
513,3.7378855,64.88645,506.92905,14.792163,7.8125,47.65625,18.066406,14.63358759880066,2024-07-10 10:51:44.183501,0
514,3.7378855,64.88645,506.933,14.792163,7.8125,47.65625,18.066406,14.045156478881836,2024-07-10 10:51:58.229181,0
515,3.7378855,65.116974,508.13904,14.792163,7.9101562,47.65625,18.066406,14.244065761566162,2024-07-10 10:52:12.473664,0
516,3.7378855,65.145676,508.24,14.792163,7.9101562,47.65625,18.066406,13.847621202468872,2024-07-10 10:52:26.321699,0
517,3.7378855,65.37494,509.62115,14.792163,7.9101562,47.65625,18.066406,14.35880732536316,2024-07-10 10:52:40.680917,0
518,3.7378855,65.42807,510.65158,14.792163,7.9101562,47.65625,18.066406,14.416342496871948,2024-07-10 10:52:55.097633,0
519,3.7378855,65.3808,510.82883,14.792163,8.0078125,47.65625,18.066406,13.982695817947388,2024-07-10 10:53:09.080732,0
520,3.7378855,65.3808,511.24997,14.792163,8.0078125,47.65625,18.066406,13.92205286026001,2024-07-10 10:53:23.003200,0
521,3.7378855,65.3808,511.39163,14.792163,8.0078125,47.65625,18.066406,14.454127073287964,2024-07-10 10:53:37.457704,0
522,3.7378855,65.3808,512.0226,14.871924,8.0078125,47.65625,18.066406,14.002596616744995,2024-07-10 10:53:51.460728,0
523,3.7378855,66.05293,512.89343,16.254408,8.0078125,47.65625,18.066406,14.371720552444458,2024-07-10 10:54:05.832902,0
524,3.7378855,66.11904,514.31055,16.603493,8.0078125,47.65625,18.066406,14.09606146812439,2024-07-10 10:54:19.929345,0
525,3.7378855,66.11904,514.59985,17.118845,8.0078125,47.65625,18.066406,14.405153751373291,2024-07-10 10:54:34.334936,0
526,3.7378855,66.11904,515.11096,17.118845,8.0078125,47.65625,18.066406,14.015276670455933,2024-07-10 10:54:48.350622,0
527,3.7378855,66.11904,515.11096,17.368128,8.0078125,47.65625,18.066406,14.036121368408203,2024-07-10 10:55:02.387145,0
528,3.7378855,66.11904,515.70184,17.629356,8.0078125,47.65625,18.066406,14.39811658859253,2024-07-10 10:55:16.785680,0
529,3.7378855,66.11904,516.1674,17.629356,8.0078125,47.65625,18.066406,14.437349796295166,2024-07-10 10:55:31.223471,0
530,3.7378855,66.11904,516.17523,18.24934,8.0078125,47.65625,18.066406,14.480180263519287,2024-07-10 10:55:45.704028,0
531,3.7378855,66.11904,516.8338,18.24934,8.0078125,47.65625,18.066406,14.120254039764404,2024-07-10 10:55:59.824717,0
532,3.7378855,66.21102,518.7054,18.350895,8.0078125,47.753906,18.066406,14.41322374343872,2024-07-10 10:56:14.238349,0
533,3.7378855,66.25963,520.47095,18.500748,8.0078125,47.753906,18.066406,14.495821952819824,2024-07-10 10:56:28.734600,0
534,3.7378855,66.25963,521.4602,15.506266,8.0078125,47.753906,18.164062,14.341110467910767,2024-07-10 10:56:43.076280,0
535,3.7378855,66.25963,523.49567,17.13901,8.0078125,47.753906,18.164062,14.12284779548645,2024-07-10 10:56:57.199501,0
536,3.7378855,66.73957,523.49567,14.004343,8.105469,47.753906,18.261719,13.824487924575806,2024-07-10 10:57:11.024357,0
537,3.7378855,66.73957,524.2561,15.374194,8.105469,47.753906,18.261719,14.165412902832031,2024-07-10 10:57:25.190137,0
538,3.7378855,66.73957,525.9588,15.374194,8.105469,47.753906,18.261719,14.066805839538574,2024-07-10 10:57:39.257354,0
539,3.7378855,66.93791,526.19025,15.4281645,8.203125,47.753906,18.261719,14.385929346084595,2024-07-10 10:57:53.643708,0
540,3.7378855,66.93791,526.74634,15.355464,8.203125,47.753906,18.359375,14.347108125686646,2024-07-10 10:58:07.991428,0
541,3.7378855,66.93791,527.1958,15.662358,8.203125,47.753906,18.359375,14.205682516098022,2024-07-10 10:58:22.197524,0
542,3.7378855,66.93791,527.72437,15.662358,8.203125,47.851562,18.359375,14.60753846168518,2024-07-10 10:58:36.805477,0
543,3.7378855,66.94124,527.7444,15.682276,8.203125,47.851562,18.359375,14.473917722702026,2024-07-10 10:58:51.279808,0
544,3.7378855,66.94124,527.96466,15.682276,8.203125,47.851562,18.359375,14.394473314285278,2024-07-10 10:59:05.674785,0
545,3.7378855,66.94124,529.4104,15.682276,8.203125,47.851562,18.359375,14.669938087463379,2024-07-10 10:59:20.345097,0
546,3.7378855,66.94124,529.98126,15.753159,8.203125,47.851562,18.359375,14.500187873840332,2024-07-10 10:59:34.845676,0
547,3.7378855,67.40751,530.4991,15.856007,8.203125,47.851562,18.457031,14.351606845855713,2024-07-10 10:59:49.197799,0
548,3.7378855,67.40751,530.4991,17.086765,8.203125,47.851562,18.457031,14.239750385284424,2024-07-10 11:00:03.437959,0
549,3.7378855,67.40751,530.7752,17.086765,8.203125,47.851562,18.457031,14.775622129440308,2024-07-10 11:00:18.213992,0
550,3.7378855,67.40751,530.96924,17.086765,8.203125,47.851562,18.457031,14.205904006958008,2024-07-10 11:00:32.420306,0
551,3.7378855,67.40751,531.07196,17.086765,8.203125,47.851562,18.457031,14.604042530059814,2024-07-10 11:00:47.024839,0
552,3.7378855,67.40751,532.0452,17.10173,8.203125,47.851562,18.457031,14.210131168365479,2024-07-10 11:01:01.235343,0
553,3.7378855,67.40751,533.1482,17.10173,8.203125,47.851562,18.457031,13.662766933441162,2024-07-10 11:01:14.898487,0
554,3.7378855,67.40751,533.165,17.23207,8.203125,47.851562,18.457031,14.102187633514404,2024-07-10 11:01:29.001086,0
555,3.7378855,67.495766,533.3256,17.23207,8.203125,47.851562,18.457031,13.86179232597351,2024-07-10 11:01:42.863278,0
556,3.7378855,67.97024,534.4286,17.280594,8.203125,47.851562,18.457031,14.290318250656128,2024-07-10 11:01:57.153972,0
557,3.7378855,68.01114,532.2986,17.280594,8.203125,48.046875,18.457031,13.93513560295105,2024-07-10 11:02:11.089514,0
558,3.7378855,68.05981,534.43677,17.677849,8.203125,48.046875,18.457031,14.721263647079468,2024-07-10 11:02:25.811167,0
559,3.7378855,68.05981,535.3506,17.6803,8.203125,48.14453,18.457031,14.266339540481567,2024-07-10 11:02:40.078075,0
560,3.7378855,68.05981,536.09106,17.6803,8.203125,48.14453,18.457031,14.361921072006226,2024-07-10 11:02:54.440403,0
561,3.7378855,68.124176,537.2894,19.317781,8.203125,48.14453,18.457031,14.049391746520996,2024-07-10 11:03:08.490217,0
562,3.7378855,68.124176,537.2979,19.317781,8.203125,48.14453,18.457031,14.06777048110962,2024-07-10 11:03:22.558514,0
563,3.7378855,68.124176,537.84357,19.317781,8.203125,48.14453,18.457031,14.311384677886963,2024-07-10 11:03:36.870324,0
564,3.7378855,68.124176,538.46643,19.767916,8.203125,48.14453,18.457031,14.15228533744812,2024-07-10 11:03:51.023072,0
565,3.7378855,68.124176,539.344,19.767916,8.203125,48.14453,18.457031,14.01440143585205,2024-07-10 11:04:05.037899,0
566,3.7378855,68.124176,539.344,19.814661,8.203125,48.14453,18.457031,14.596314430236816,2024-07-10 11:04:19.634625,0
567,3.7378855,68.124176,539.3786,19.814661,8.203125,48.14453,18.457031,14.114263772964478,2024-07-10 11:04:33.749284,0
568,3.7378855,68.54784,539.52545,19.938805,8.300781,48.14453,18.457031,13.966746807098389,2024-07-10 11:04:47.716458,0
569,3.7378855,68.54784,539.52545,20.283504,8.300781,48.14453,18.457031,14.112229824066162,2024-07-10 11:05:01.829351,0
570,3.7378855,68.54784,540.3773,20.283504,8.300781,48.14453,18.457031,13.953675508499146,2024-07-10 11:05:15.783571,0
571,3.7378855,68.66143,540.3773,17.282001,8.300781,48.14453,18.554688,13.528991222381592,2024-07-10 11:05:29.312935,0
572,3.7378855,68.66143,540.3773,18.379053,8.300781,48.14453,18.652344,13.915689945220947,2024-07-10 11:05:43.229121,0
573,3.7378855,68.66143,543.6224,18.379053,8.300781,48.14453,18.652344,14.258535861968994,2024-07-10 11:05:57.488052,0
574,3.7378855,68.66143,543.98865,18.379053,8.300781,48.14453,18.652344,14.064762115478516,2024-07-10 11:06:11.553388,0
575,3.7378855,68.66143,544.6638,19.001154,8.300781,48.14453,18.652344,13.86958622932434,2024-07-10 11:06:25.423424,0
576,3.7378855,68.66143,544.7059,19.275345,8.300781,48.14453,18.75,14.259652137756348,2024-07-10 11:06:39.683454,0
577,3.7378855,68.66143,547.469,20.786596,8.300781,48.14453,18.75,14.48887586593628,2024-07-10 11:06:54.172889,0
578,3.7378855,68.66143,547.9119,20.786596,8.300781,48.14453,18.75,14.291684865951538,2024-07-10 11:07:08.464947,0
579,3.7378855,68.605095,548.14685,20.786596,8.3984375,48.14453,18.75,14.444921731948853,2024-07-10 11:07:22.910375,0
580,3.7378855,68.605095,548.14685,21.044954,8.3984375,48.14453,18.75,14.193355083465576,2024-07-10 11:07:37.104146,0
581,3.7378855,68.605095,548.8064,21.751562,8.3984375,48.14453,18.847656,14.472597360610962,2024-07-10 11:07:51.577219,0
582,3.7378855,68.605095,548.8346,21.751562,8.3984375,48.14453,18.847656,14.334228754043579,2024-07-10 11:08:05.911874,0
583,3.7378855,68.605095,548.8921,21.839249,8.3984375,48.14453,18.847656,13.871147632598877,2024-07-10 11:08:19.783609,0
584,3.7378855,68.605095,549.42053,21.839249,8.3984375,48.14453,18.847656,14.497255325317383,2024-07-10 11:08:34.281231,0
585,3.7378855,68.605095,549.49976,21.839249,8.3984375,48.14453,18.847656,14.428422927856445,2024-07-10 11:08:48.710076,0
586,3.7378855,69.642136,551.05066,22.171753,8.3984375,48.14453,18.945312,14.261090755462646,2024-07-10 11:09:02.971688,0
587,3.7378855,69.642136,553.34125,23.088722,8.3984375,48.14453,18.945312,14.653968334197998,2024-07-10 11:09:17.626020,0
588,3.7378855,69.642136,553.3902,23.779705,8.3984375,48.14453,19.042969,13.819499015808105,2024-07-10 11:09:31.445954,0
589,3.7378855,69.642136,554.1679,24.61241,8.3984375,48.14453,19.140625,14.448110103607178,2024-07-10 11:09:45.894476,0
590,3.7378855,69.642136,555.7453,24.61241,8.3984375,48.14453,19.140625,14.091135740280151,2024-07-10 11:09:59.986205,0
591,3.7378855,69.642136,556.5105,24.61241,8.3984375,48.14453,19.140625,13.96233320236206,2024-07-10 11:10:13.948952,0
592,3.7378855,69.642136,556.5105,25.506886,8.3984375,48.14453,19.238281,14.049844980239868,2024-07-10 11:10:27.999180,0
593,3.7378855,70.031204,557.67255,25.506886,8.3984375,48.14453,19.238281,14.266462087631226,2024-07-10 11:10:42.266336,0
594,3.7378855,70.031204,557.67255,25.646324,8.3984375,48.14453,19.238281,14.161832809448242,2024-07-10 11:10:56.428578,0
595,3.7378855,70.031204,560.2983,26.25089,8.3984375,48.14453,19.238281,14.109261751174927,2024-07-10 11:11:10.538207,0
596,3.7378855,70.031204,561.1905,26.84415,8.3984375,48.14453,19.238281,14.26516056060791,2024-07-10 11:11:24.803931,0
597,3.7378855,70.031204,561.3107,26.84415,8.3984375,48.14453,19.238281,13.968621253967285,2024-07-10 11:11:38.772929,0
598,3.7378855,70.054306,561.39185,26.84415,8.3984375,48.242188,19.238281,14.866071462631226,2024-07-10 11:11:53.639364,0
599,3.7378855,70.054306,562.4791,27.206972,8.3984375,48.242188,19.238281,14.268900871276855,2024-07-10 11:12:07.908781,0
600,3.7378855,70.054306,562.8975,27.206972,8.3984375,48.242188,19.238281,13.541949033737183,2024-07-10 11:12:21.451123,0
601,3.7378855,70.054306,563.18536,27.206972,8.3984375,48.242188,19.238281,14.800048589706421,2024-07-10 11:12:36.251550,0
602,3.7378855,70.414085,563.18536,27.663027,8.3984375,48.242188,19.238281,14.297544240951538,2024-07-10 11:12:50.549519,0
603,3.7378855,70.414085,565.0598,27.713705,8.3984375,48.242188,19.238281,14.17500901222229,2024-07-10 11:13:04.724936,0
604,3.7378855,70.91303,565.14026,28.581858,8.3984375,48.242188,19.335938,14.268074035644531,2024-07-10 11:13:18.993384,0
605,3.7378855,70.91303,565.6983,28.761803,8.3984375,48.242188,19.335938,14.19836688041687,2024-07-10 11:13:33.192172,0
606,3.7378855,70.91303,566.228,28.761803,8.3984375,48.242188,19.335938,14.228682041168213,2024-07-10 11:13:47.421227,0
607,3.7378855,70.91303,566.228,26.250002,8.3984375,48.242188,19.433594,13.660107851028442,2024-07-10 11:14:01.081908,0
608,3.7378855,71.68727,566.2323,24.427315,8.3984375,48.242188,19.53125,14.247424125671387,2024-07-10 11:14:15.329747,0
609,3.7378855,71.68732,566.2479,24.427315,8.3984375,48.242188,19.53125,14.322585582733154,2024-07-10 11:14:29.652757,0
610,3.7378855,71.68732,566.2479,24.47234,8.3984375,48.242188,19.53125,14.371750831604004,2024-07-10 11:14:44.024879,0
611,3.7378855,71.68732,566.4297,24.47234,8.3984375,48.242188,19.53125,14.244702100753784,2024-07-10 11:14:58.269944,0
612,3.7378855,71.68732,567.1675,24.47234,8.3984375,48.242188,19.53125,13.774020671844482,2024-07-10 11:15:12.044380,0
613,3.7378855,71.69406,568.8679,24.476294,8.3984375,48.242188,19.53125,14.344492673873901,2024-07-10 11:15:26.389239,0
614,3.7378855,71.82383,568.8679,24.476294,8.3984375,48.242188,19.53125,14.806539535522461,2024-07-10 11:15:41.196208,0
615,3.7378855,71.82383,569.11194,24.492727,8.3984375,48.242188,19.53125,14.124553203582764,2024-07-10 11:15:55.321160,0
616,3.7378855,72.2825,569.7688,24.563663,8.3984375,48.339844,19.53125,14.435503482818604,2024-07-10 11:16:09.757244,0
617,3.7378855,72.2825,569.7688,24.60794,8.3984375,48.339844,19.53125,14.66895604133606,2024-07-10 11:16:24.426642,0
618,3.7378855,72.2825,569.8396,21.799377,8.3984375,48.4375,19.628906,14.033687114715576,2024-07-10 11:16:38.460754,0
619,3.7378855,72.2825,570.32,21.799377,8.3984375,48.4375,19.628906,14.00789213180542,2024-07-10 11:16:52.469021,0
620,3.7378855,72.40918,570.4593,21.866945,8.3984375,48.4375,19.628906,14.40632677078247,2024-07-10 11:17:06.875734,0
621,3.7378855,72.40918,570.6973,22.665852,8.3984375,48.4375,19.628906,14.493400573730469,2024-07-10 11:17:21.369533,0
622,3.7378855,72.40918,571.4081,22.665852,8.3984375,48.4375,19.628906,13.89952802658081,2024-07-10 11:17:35.269471,0
