sampler,seed,environment,brain_descriptors_0,brain_descriptors_1,body_descriptors_0,body_descriptors_1,behavior_descriptors_0,behavior_descriptors_1
all,0,BridgeWalker-v0,-1.0,-1.0,0.5,0.39447852969169617,0.5,0.39447852969169617
all,0,PlatformJumper-v0,-1.0,-1.0,0.6000000238418579,0.125,0.6000000238418579,0.125
all,0,CaveCrawler-v0,0.8951864838600159,0.4907158613204956,0.30000001192092896,0.5970114469528198,0.30000001192092896,0.5970114469528198
all,0,CustomCarrier-v0,0.7344413995742798,0.4683941900730133,-1.0,-1.0,-1.0,-1.0
all,0,BidirectionalWalker-v0,-1.0,-1.0,-1.0,-1.0,-1.0,-1.0
all,0,CustomPusher-v0,0.7918210029602051,0.807976245880127,0.550000011920929,0.4372412860393524,0.550000011920929,0.4372412860393524
all,0,BeamToppler-v0,-1.0,-1.0,-1.0,-1.0,-1.0,-1.0
all,0,Pusher-v1,0.7293183207511902,0.5320426821708679,-1.0,-1.0,-1.0,-1.0
all,0,Catcher-v0,-1.0,-1.0,-1.0,-1.0,-1.0,-1.0
all,0,UpStepper-v0,0.7761344313621521,0.5427855849266052,0.5,0.47656014561653137,0.5,0.47656014561653137
all,0,DownStepper-v0,-1.0,-1.0,0.20000000298023224,0.48248785734176636,0.20000000298023224,0.48248785734176636
all,0,ObstacleTraverser-v0,-1.0,-1.0,0.3499999940395355,0.5206623673439026,0.3499999940395355,0.5206623673439026
all,0,ObstacleTraverser-v1,0.81283038854599,0.8696874380111694,-1.0,-1.0,-1.0,-1.0
all,0,Hurdler-v0,0.81283038854599,0.8696874380111694,-1.0,-1.0,-1.0,-1.0
all,0,GapJumper-v0,-1.0,-1.0,0.6000000238418579,0.25,0.6000000238418579,0.25
all,0,Traverser-v0,0.7918210029602051,0.807976245880127,0.550000011920929,0.4372412860393524,0.550000011920929,0.4372412860393524
all,0,Flipper-v0,0.5728470087051392,0.5722396969795227,0.6499999761581421,0.125,0.6499999761581421,0.125
all,0,Jumper-v0,0.9780929088592529,0.5634608268737793,-1.0,-1.0,-1.0,-1.0
all,0,Balancer-v0,-1.0,-1.0,0.6000000238418579,0.44669970870018005,0.6000000238418579,0.44669970870018005
all,0,AreaMaximizer-v0,-1.0,-1.0,-1.0,-1.0,-1.0,-1.0
all,0,AreaMinimizer-v0,0.5728470087051392,0.5722396969795227,0.6499999761581421,0.125,0.6499999761581421,0.125
all,0,WingspanMazimizer-v0,-1.0,-1.0,0.550000011920929,0.3428666591644287,0.550000011920929,0.3428666591644287
all,0,HeightMaximizer-v0,-1.0,-1.0,0.6000000238418579,0.25,0.6000000238418579,0.25
all,1,BridgeWalker-v0,0.5197639465332031,0.027793357148766518,-1.0,-1.0,-1.0,-1.0
all,1,PlatformJumper-v0,0.47433561086654663,0.10484922677278519,0.6499999761581421,0.4514002203941345,0.6499999761581421,0.4514002203941345
all,1,CaveCrawler-v0,0.5501757860183716,0.004383340012282133,0.5,0.5897825956344604,0.5,0.5897825956344604
all,1,CustomCarrier-v0,0.0011056921212002635,0.6820192337036133,0.6000000238418579,0.3193598687648773,0.6000000238418579,0.3193598687648773
all,1,BidirectionalWalker-v0,0.5722643136978149,0.07863721251487732,0.75,0.21750612556934357,0.75,0.21750612556934357
all,1,CustomPusher-v0,0.02867242507636547,0.665937602519989,-1.0,-1.0,-1.0,-1.0
all,1,BeamToppler-v0,0.0011056921212002635,0.6820192337036133,0.6000000238418579,0.3193598687648773,0.6000000238418579,0.3193598687648773
all,1,Pusher-v1,0.30068889260292053,0.8000732064247131,0.6499999761581421,0.5268799662590027,0.6499999761581421,0.5268799662590027
all,1,Catcher-v0,-1.0,-1.0,0.5,0.5058133006095886,0.5,0.5058133006095886
all,1,UpStepper-v0,0.47433561086654663,0.10484922677278519,0.6499999761581421,0.4514002203941345,0.6499999761581421,0.4514002203941345
all,1,DownStepper-v0,-1.0,-1.0,0.5,0.24186821281909943,0.5,0.24186821281909943
all,1,ObstacleTraverser-v0,0.46231478452682495,0.04100708290934563,0.6000000238418579,0.4514002203941345,0.6000000238418579,0.4514002203941345
all,1,ObstacleTraverser-v1,0.060450196266174316,0.6709832549095154,-1.0,-1.0,-1.0,-1.0
all,1,Hurdler-v0,-1.0,-1.0,0.800000011920929,0.6069568395614624,0.800000011920929,0.6069568395614624
all,1,GapJumper-v0,0.4934649169445038,0.0443788506090641,-1.0,-1.0,-1.0,-1.0
all,1,Traverser-v0,0.6199826002120972,0.019756998866796494,0.6499999761581421,0.25,0.6499999761581421,0.25
all,1,Flipper-v0,-1.0,-1.0,0.5,0.24186821281909943,0.5,0.24186821281909943
all,1,Jumper-v0,0.0,0.7959675192832947,0.4000000059604645,0.6000000238418579,0.4000000059604645,0.6000000238418579
all,1,Balancer-v0,0.5023484826087952,0.22122587263584137,-1.0,-1.0,-1.0,-1.0
all,1,AreaMaximizer-v0,-1.0,-1.0,0.800000011920929,0.21750612556934357,0.800000011920929,0.21750612556934357
all,1,AreaMinimizer-v0,0.0792953222990036,0.6490355730056763,-1.0,-1.0,-1.0,-1.0
all,1,WingspanMazimizer-v0,0.3463365435600281,0.867689311504364,0.699999988079071,0.4348733127117157,0.699999988079071,0.4348733127117157
all,1,HeightMaximizer-v0,0.5742571353912354,0.06571780890226364,-1.0,-1.0,-1.0,-1.0
all,2,BridgeWalker-v0,-1.0,-1.0,0.6000000238418579,0.4285714328289032,0.6000000238418579,0.4285714328289032
all,2,PlatformJumper-v0,0.5729045867919922,0.7544856667518616,-1.0,-1.0,-1.0,-1.0
all,2,CaveCrawler-v0,-1.0,-1.0,0.699999988079071,0.6000000238418579,0.699999988079071,0.6000000238418579
all,2,CustomCarrier-v0,0.433366060256958,0.42976048588752747,-1.0,-1.0,-1.0,-1.0
all,2,BidirectionalWalker-v0,-1.0,-1.0,-1.0,-1.0,-1.0,-1.0
all,2,CustomPusher-v0,0.433366060256958,0.42976048588752747,-1.0,-1.0,-1.0,-1.0
all,2,BeamToppler-v0,-1.0,-1.0,0.699999988079071,0.6000000238418579,0.699999988079071,0.6000000238418579
all,2,Pusher-v1,0.5228323936462402,0.7586020827293396,0.30000001192092896,0.12281635403633118,0.30000001192092896,0.12281635403633118
all,2,Catcher-v0,-1.0,-1.0,-1.0,-1.0,-1.0,-1.0
all,2,UpStepper-v0,0.5228323936462402,0.7586020827293396,0.30000001192092896,0.12281635403633118,0.30000001192092896,0.12281635403633118
all,2,DownStepper-v0,-1.0,-1.0,0.44999998807907104,0.375,0.44999998807907104,0.375
all,2,ObstacleTraverser-v0,0.5729045867919922,0.7544856667518616,-1.0,-1.0,-1.0,-1.0
all,2,ObstacleTraverser-v1,-1.0,-1.0,0.6000000238418579,0.4285714328289032,0.6000000238418579,0.4285714328289032
all,2,Hurdler-v0,0.4679466784000397,0.4094644784927368,-1.0,-1.0,-1.0,-1.0
all,2,GapJumper-v0,0.4679466784000397,0.4094644784927368,-1.0,-1.0,-1.0,-1.0
all,2,Traverser-v0,-1.0,-1.0,-1.0,-1.0,-1.0,-1.0
all,2,Flipper-v0,-1.0,-1.0,-1.0,-1.0,-1.0,-1.0
all,2,Jumper-v0,0.5228323936462402,0.7586020827293396,0.30000001192092896,0.12281635403633118,0.30000001192092896,0.12281635403633118
all,2,Balancer-v0,0.4169350862503052,0.5758516788482666,-1.0,-1.0,-1.0,-1.0
all,2,AreaMaximizer-v0,-1.0,-1.0,-1.0,-1.0,-1.0,-1.0
all,2,AreaMinimizer-v0,-1.0,-1.0,0.6499999761581421,0.6000000238418579,0.6499999761581421,0.6000000238418579
all,2,WingspanMazimizer-v0,-1.0,-1.0,0.4000000059604645,0.699999988079071,0.4000000059604645,0.699999988079071
all,2,HeightMaximizer-v0,0.5228323936462402,0.7586020827293396,0.30000001192092896,0.12281635403633118,0.30000001192092896,0.12281635403633118
all,3,BridgeWalker-v0,0.5979252457618713,0.3000606596469879,-1.0,-1.0,-1.0,-1.0
all,3,PlatformJumper-v0,-1.0,-1.0,0.75,0.31861692667007446,0.75,0.31861692667007446
all,3,CaveCrawler-v0,0.6163929104804993,0.361194908618927,0.5,0.38322919607162476,0.5,0.38322919607162476
all,3,CustomCarrier-v0,0.518214762210846,0.3484407961368561,0.6499999761581421,0.31861692667007446,0.6499999761581421,0.31861692667007446
all,3,BidirectionalWalker-v0,-1.0,-1.0,0.6499999761581421,0.2785876989364624,0.6499999761581421,0.2785876989364624
all,3,CustomPusher-v0,0.5803127288818359,0.27550724148750305,-1.0,-1.0,-1.0,-1.0
all,3,BeamToppler-v0,-1.0,-1.0,-1.0,-1.0,-1.0,-1.0
all,3,Pusher-v1,0.46515706181526184,0.23103493452072144,0.6000000238418579,0.1428571492433548,0.6000000238418579,0.1428571492433548
all,3,Catcher-v0,0.46515706181526184,0.23103493452072144,0.6000000238418579,0.1428571492433548,0.6000000238418579,0.1428571492433548
all,3,UpStepper-v0,0.5581263303756714,0.0,0.6499999761581421,0.46003320813179016,0.6499999761581421,0.46003320813179016
all,3,DownStepper-v0,-1.0,-1.0,0.75,0.31861692667007446,0.75,0.31861692667007446
all,3,ObstacleTraverser-v0,0.6407194137573242,0.201218843460083,-1.0,-1.0,-1.0,-1.0
all,3,ObstacleTraverser-v1,-1.0,-1.0,-1.0,-1.0,-1.0,-1.0
all,3,Hurdler-v0,-1.0,-1.0,-1.0,-1.0,-1.0,-1.0
all,3,GapJumper-v0,0.6066433191299438,0.4019899070262909,-1.0,-1.0,-1.0,-1.0
all,3,Traverser-v0,-1.0,-1.0,-1.0,-1.0,-1.0,-1.0
all,3,Flipper-v0,0.5100717544555664,0.2704066038131714,-1.0,-1.0,-1.0,-1.0
all,3,Jumper-v0,-1.0,-1.0,-1.0,-1.0,-1.0,-1.0
all,3,Balancer-v0,-1.0,-1.0,0.75,0.31861692667007446,0.75,0.31861692667007446
all,3,AreaMaximizer-v0,0.6396262645721436,0.39244693517684937,0.550000011920929,0.3428697884082794,0.550000011920929,0.3428697884082794
all,3,AreaMinimizer-v0,-1.0,-1.0,-1.0,-1.0,-1.0,-1.0
all,3,WingspanMazimizer-v0,0.695643424987793,0.4457476735115051,0.75,0.48248785734176636,0.75,0.48248785734176636
all,3,HeightMaximizer-v0,0.807569682598114,0.45308956503868103,-1.0,-1.0,-1.0,-1.0
all,4,BridgeWalker-v0,-1.0,-1.0,-1.0,-1.0,-1.0,-1.0
all,4,PlatformJumper-v0,0.11045302450656891,0.7320435047149658,-1.0,-1.0,-1.0,-1.0
all,4,CaveCrawler-v0,0.10542157292366028,0.7416086196899414,0.44999998807907104,0.5012658834457397,0.44999998807907104,0.5012658834457397
all,4,CustomCarrier-v0,0.13453547656536102,0.7108328342437744,-1.0,-1.0,-1.0,-1.0
all,4,BidirectionalWalker-v0,-1.0,-1.0,0.5,0.24145400524139404,0.5,0.24145400524139404
all,4,CustomPusher-v0,-1.0,-1.0,-1.0,-1.0,-1.0,-1.0
all,4,BeamToppler-v0,0.11045302450656891,0.7320435047149658,-1.0,-1.0,-1.0,-1.0
all,4,Pusher-v1,-1.0,-1.0,-1.0,-1.0,-1.0,-1.0
all,4,Catcher-v0,0.13453547656536102,0.7108328342437744,-1.0,-1.0,-1.0,-1.0
all,4,UpStepper-v0,0.6362764239311218,0.34427666664123535,-1.0,-1.0,-1.0,-1.0
all,4,DownStepper-v0,-1.0,-1.0,-1.0,-1.0,-1.0,-1.0
all,4,ObstacleTraverser-v0,0.6362764239311218,0.34427666664123535,-1.0,-1.0,-1.0,-1.0
all,4,ObstacleTraverser-v1,-1.0,-1.0,0.8999999761581421,0.41111236810684204,0.8999999761581421,0.41111236810684204
all,4,Hurdler-v0,0.8883374929428101,0.5332318544387817,0.550000011920929,0.1428571492433548,0.550000011920929,0.1428571492433548
all,4,GapJumper-v0,0.10542157292366028,0.7416086196899414,0.44999998807907104,0.5012658834457397,0.44999998807907104,0.5012658834457397
all,4,Traverser-v0,0.1322726160287857,0.7196857929229736,0.5,0.4514002203941345,0.5,0.4514002203941345
all,4,Flipper-v0,0.19748900830745697,0.6209398508071899,-1.0,-1.0,-1.0,-1.0
all,4,Jumper-v0,-1.0,-1.0,-1.0,-1.0,-1.0,-1.0
all,4,Balancer-v0,0.25611504912376404,0.9517546892166138,0.3499999940395355,0.32275494933128357,0.3499999940395355,0.32275494933128357
all,4,AreaMaximizer-v0,-1.0,-1.0,0.800000011920929,0.2704967260360718,0.800000011920929,0.2704967260360718
all,4,AreaMinimizer-v0,0.6714237928390503,0.892384946346283,-1.0,-1.0,-1.0,-1.0
all,4,WingspanMazimizer-v0,-1.0,-1.0,-1.0,-1.0,-1.0,-1.0
all,4,HeightMaximizer-v0,-1.0,-1.0,0.6499999761581421,0.46602559089660645,0.6499999761581421,0.46602559089660645
all,5,BridgeWalker-v0,-1.0,-1.0,-1.0,-1.0,-1.0,-1.0
all,5,PlatformJumper-v0,-1.0,-1.0,0.550000011920929,0.5565248131752014,0.550000011920929,0.5565248131752014
all,5,CaveCrawler-v0,0.3672856390476227,0.6813650131225586,-1.0,-1.0,-1.0,-1.0
all,5,CustomCarrier-v0,-1.0,-1.0,0.6499999761581421,0.4165582060813904,0.6499999761581421,0.4165582060813904
all,5,BidirectionalWalker-v0,-1.0,-1.0,0.699999988079071,0.4978277087211609,0.699999988079071,0.4978277087211609
all,5,CustomPusher-v0,-1.0,-1.0,0.6499999761581421,0.4165582060813904,0.6499999761581421,0.4165582060813904
all,5,BeamToppler-v0,0.20683228969573975,0.8451060652732849,-1.0,-1.0,-1.0,-1.0
all,5,Pusher-v1,0.40873074531555176,0.6493499875068665,-1.0,-1.0,-1.0,-1.0
all,5,Catcher-v0,0.3987857699394226,0.6059951186180115,0.44999998807907104,0.3958108127117157,0.44999998807907104,0.3958108127117157
all,5,UpStepper-v0,0.37586289644241333,0.580962598323822,0.44999998807907104,0.4512295126914978,0.44999998807907104,0.4512295126914978
all,5,DownStepper-v0,-1.0,-1.0,-1.0,-1.0,-1.0,-1.0
all,5,ObstacleTraverser-v0,-1.0,-1.0,0.44999998807907104,0.3476596474647522,0.44999998807907104,0.3476596474647522
all,5,ObstacleTraverser-v1,-1.0,-1.0,0.44999998807907104,0.49298784136772156,0.44999998807907104,0.49298784136772156
all,5,Hurdler-v0,-1.0,-1.0,0.5,0.5565248131752014,0.5,0.5565248131752014
all,5,GapJumper-v0,0.5200639367103577,0.8613644242286682,0.30000001192092896,0.2968516945838928,0.30000001192092896,0.2968516945838928
all,5,Traverser-v0,-1.0,-1.0,0.5,0.5565248131752014,0.5,0.5565248131752014
all,5,Flipper-v0,-1.0,-1.0,0.6499999761581421,0.291892409324646,0.6499999761581421,0.291892409324646
all,5,Jumper-v0,0.5703920125961304,0.28110629320144653,-1.0,-1.0,-1.0,-1.0
all,5,Balancer-v0,0.5791722536087036,0.33234456181526184,-1.0,-1.0,-1.0,-1.0
all,5,AreaMaximizer-v0,-1.0,-1.0,-1.0,-1.0,-1.0,-1.0
all,5,AreaMinimizer-v0,0.4397859275341034,0.8550944924354553,-1.0,-1.0,-1.0,-1.0
all,5,WingspanMazimizer-v0,-1.0,-1.0,-1.0,-1.0,-1.0,-1.0
all,5,HeightMaximizer-v0,-1.0,-1.0,-1.0,-1.0,-1.0,-1.0
all,6,BridgeWalker-v0,0.4586384892463684,0.7643377780914307,-1.0,-1.0,-1.0,-1.0
all,6,PlatformJumper-v0,-1.0,-1.0,-1.0,-1.0,-1.0,-1.0
all,6,CaveCrawler-v0,0.5053162574768066,0.7471662163734436,0.6499999761581421,0.4071560204029083,0.6499999761581421,0.4071560204029083
all,6,CustomCarrier-v0,0.0911070704460144,1.0,0.44999998807907104,0.21422864496707916,0.44999998807907104,0.21422864496707916
all,6,BidirectionalWalker-v0,-1.0,-1.0,0.550000011920929,0.4071560204029083,0.550000011920929,0.4071560204029083
all,6,CustomPusher-v0,-1.0,-1.0,0.550000011920929,0.21422864496707916,0.550000011920929,0.21422864496707916
all,6,BeamToppler-v0,-1.0,-1.0,0.550000011920929,0.4431533217430115,0.550000011920929,0.4431533217430115
all,6,Pusher-v1,-1.0,-1.0,0.6000000238418579,0.375,0.6000000238418579,0.375
all,6,Catcher-v0,0.4823463261127472,0.7060428857803345,0.6499999761581421,0.3592323362827301,0.6499999761581421,0.3592323362827301
all,6,UpStepper-v0,-1.0,-1.0,-1.0,-1.0,-1.0,-1.0
all,6,DownStepper-v0,0.05916327238082886,1.0,0.699999988079071,0.21422864496707916,0.699999988079071,0.21422864496707916
all,6,ObstacleTraverser-v0,-1.0,-1.0,-1.0,-1.0,-1.0,-1.0
all,6,ObstacleTraverser-v1,0.23816460371017456,0.8849464058876038,-1.0,-1.0,-1.0,-1.0
all,6,Hurdler-v0,0.0911070704460144,1.0,0.44999998807907104,0.21422864496707916,0.44999998807907104,0.21422864496707916
all,6,GapJumper-v0,-1.0,-1.0,-1.0,-1.0,-1.0,-1.0
all,6,Traverser-v0,0.5027947425842285,0.9444641470909119,-1.0,-1.0,-1.0,-1.0
all,6,Flipper-v0,0.008661813102662563,1.0,0.5,0.29823577404022217,0.5,0.29823577404022217
all,6,Jumper-v0,-1.0,-1.0,0.4000000059604645,0.47656014561653137,0.4000000059604645,0.47656014561653137
all,6,Balancer-v0,-1.0,-1.0,-1.0,-1.0,-1.0,-1.0
all,6,AreaMaximizer-v0,-1.0,-1.0,0.699999988079071,0.3981395661830902,0.699999988079071,0.3981395661830902
all,6,AreaMinimizer-v0,0.25427868962287903,0.8388554453849792,0.4000000059604645,0.40971338748931885,0.4000000059604645,0.40971338748931885
all,6,WingspanMazimizer-v0,0.25427868962287903,0.8388554453849792,0.4000000059604645,0.40971338748931885,0.4000000059604645,0.40971338748931885
all,6,HeightMaximizer-v0,-1.0,-1.0,-1.0,-1.0,-1.0,-1.0
all,7,BridgeWalker-v0,-1.0,-1.0,0.4000000059604645,0.30188658833503723,0.4000000059604645,0.30188658833503723
all,7,PlatformJumper-v0,-1.0,-1.0,0.44999998807907104,0.1428571492433548,0.44999998807907104,0.1428571492433548
all,7,CaveCrawler-v0,-1.0,-1.0,0.25,0.3788234293460846,0.25,0.3788234293460846
all,7,CustomCarrier-v0,-1.0,-1.0,0.44999998807907104,0.5579105019569397,0.44999998807907104,0.5579105019569397
all,7,BidirectionalWalker-v0,-1.0,-1.0,0.44999998807907104,0.1428571492433548,0.44999998807907104,0.1428571492433548
all,7,CustomPusher-v0,-1.0,-1.0,-1.0,-1.0,-1.0,-1.0
all,7,BeamToppler-v0,0.039955537766218185,0.18197734653949738,-1.0,-1.0,-1.0,-1.0
all,7,Pusher-v1,0.1172228753566742,0.10739089548587799,0.6499999761581421,0.409714013338089,0.6499999761581421,0.409714013338089
all,7,Catcher-v0,0.0,0.10118759423494339,0.44999998807907104,0.17203840613365173,0.44999998807907104,0.17203840613365173
all,7,UpStepper-v0,0.05300479754805565,0.15300457179546356,-1.0,-1.0,-1.0,-1.0
all,7,DownStepper-v0,-1.0,-1.0,0.6000000238418579,0.5588368773460388,0.6000000238418579,0.5588368773460388
all,7,ObstacleTraverser-v0,-1.0,-1.0,0.6000000238418579,0.4000000059604645,0.6000000238418579,0.4000000059604645
all,7,ObstacleTraverser-v1,0.14432325959205627,0.0856645405292511,-1.0,-1.0,-1.0,-1.0
all,7,Hurdler-v0,0.12175478786230087,0.06837652623653412,0.3499999940395355,0.34342366456985474,0.3499999940395355,0.34342366456985474
all,7,GapJumper-v0,0.13237784802913666,0.1995418667793274,0.44999998807907104,0.6356179118156433,0.44999998807907104,0.6356179118156433
all,7,Traverser-v0,-1.0,-1.0,0.4000000059604645,0.6356179118156433,0.4000000059604645,0.6356179118156433
all,7,Flipper-v0,-1.0,-1.0,-1.0,-1.0,-1.0,-1.0
all,7,Jumper-v0,0.09171230345964432,0.08517584949731827,-1.0,-1.0,-1.0,-1.0
all,7,Balancer-v0,-1.0,-1.0,0.4000000059604645,0.4000000059604645,0.4000000059604645,0.4000000059604645
all,7,AreaMaximizer-v0,-1.0,-1.0,0.30000001192092896,0.375,0.30000001192092896,0.375
all,7,AreaMinimizer-v0,-1.0,-1.0,-1.0,-1.0,-1.0,-1.0
all,7,WingspanMazimizer-v0,0.1502583920955658,0.2134585976600647,-1.0,-1.0,-1.0,-1.0
all,7,HeightMaximizer-v0,0.06476091593503952,0.03357508033514023,-1.0,-1.0,-1.0,-1.0
all,8,BridgeWalker-v0,-1.0,-1.0,-1.0,-1.0,-1.0,-1.0
all,8,PlatformJumper-v0,0.9104636311531067,0.019627157598733902,0.6499999761581421,0.5555555820465088,0.6499999761581421,0.5555555820465088
all,8,CaveCrawler-v0,-1.0,-1.0,-1.0,-1.0,-1.0,-1.0
all,8,CustomCarrier-v0,-1.0,-1.0,-1.0,-1.0,-1.0,-1.0
all,8,BidirectionalWalker-v0,-1.0,-1.0,0.4000000059604645,0.4444444477558136,0.4000000059604645,0.4444444477558136
all,8,CustomPusher-v0,0.13966506719589233,0.11179462820291519,-1.0,-1.0,-1.0,-1.0
all,8,BeamToppler-v0,0.23938554525375366,0.08560153096914291,-1.0,-1.0,-1.0,-1.0
all,8,Pusher-v1,-1.0,-1.0,0.25,0.4043596088886261,0.25,0.4043596088886261
all,8,Catcher-v0,-1.0,-1.0,-1.0,-1.0,-1.0,-1.0
all,8,UpStepper-v0,-1.0,-1.0,-1.0,-1.0,-1.0,-1.0
all,8,DownStepper-v0,-1.0,-1.0,0.44999998807907104,0.699999988079071,0.44999998807907104,0.699999988079071
all,8,ObstacleTraverser-v0,0.9104636311531067,0.019627157598733902,0.6499999761581421,0.5555555820465088,0.6499999761581421,0.5555555820465088
all,8,ObstacleTraverser-v1,0.09707937389612198,0.11316953599452972,-1.0,-1.0,-1.0,-1.0
all,8,Hurdler-v0,0.10149726271629333,0.0,0.6499999761581421,0.6000000238418579,0.6499999761581421,0.6000000238418579
all,8,GapJumper-v0,0.9104636311531067,0.019627157598733902,0.6499999761581421,0.5555555820465088,0.6499999761581421,0.5555555820465088
all,8,Traverser-v0,0.9104636311531067,0.019627157598733902,0.6499999761581421,0.5555555820465088,0.6499999761581421,0.5555555820465088
all,8,Flipper-v0,-1.0,-1.0,-1.0,-1.0,-1.0,-1.0
all,8,Jumper-v0,0.07750296592712402,0.21268518269062042,-1.0,-1.0,-1.0,-1.0
all,8,Balancer-v0,0.9104636311531067,0.019627157598733902,0.6499999761581421,0.5555555820465088,0.6499999761581421,0.5555555820465088
all,8,AreaMaximizer-v0,0.9104636311531067,0.019627157598733902,0.6499999761581421,0.5555555820465088,0.6499999761581421,0.5555555820465088
all,8,AreaMinimizer-v0,-1.0,-1.0,-1.0,-1.0,-1.0,-1.0
all,8,WingspanMazimizer-v0,0.9104636311531067,0.019627157598733902,0.6499999761581421,0.5555555820465088,0.6499999761581421,0.5555555820465088
all,8,HeightMaximizer-v0,-1.0,-1.0,0.699999988079071,0.5555555820465088,0.699999988079071,0.5555555820465088
all,9,BridgeWalker-v0,0.3463253080844879,0.6725606322288513,0.75,0.375,0.75,0.375
all,9,PlatformJumper-v0,-1.0,-1.0,-1.0,-1.0,-1.0,-1.0
all,9,CaveCrawler-v0,0.3467116057872772,0.6393522620201111,-1.0,-1.0,-1.0,-1.0
all,9,CustomCarrier-v0,0.0080683259293437,1.0,0.6499999761581421,0.4431533217430115,0.6499999761581421,0.4431533217430115
all,9,BidirectionalWalker-v0,0.3393615782260895,0.7256640791893005,-1.0,-1.0,-1.0,-1.0
all,9,CustomPusher-v0,0.039797455072402954,1.0,0.6000000238418579,0.3531874418258667,0.6000000238418579,0.3531874418258667
all,9,BeamToppler-v0,0.23718495666980743,0.5719568133354187,0.5,0.2857142984867096,0.5,0.2857142984867096
all,9,Pusher-v1,0.03682399541139603,0.7822707295417786,0.3499999940395355,0.5842847228050232,0.3499999940395355,0.5842847228050232
all,9,Catcher-v0,0.33509403467178345,0.7571212649345398,0.6000000238418579,0.48004475235939026,0.6000000238418579,0.48004475235939026
all,9,UpStepper-v0,-1.0,-1.0,0.550000011920929,0.4732852876186371,0.550000011920929,0.4732852876186371
all,9,DownStepper-v0,-1.0,-1.0,0.6000000238418579,0.6122307777404785,0.6000000238418579,0.6122307777404785
all,9,ObstacleTraverser-v0,-1.0,-1.0,0.6000000238418579,0.4121011197566986,0.6000000238418579,0.4121011197566986
all,9,ObstacleTraverser-v1,0.28903597593307495,0.8279988169670105,0.6000000238418579,0.375,0.6000000238418579,0.375
all,9,Hurdler-v0,-1.0,-1.0,-1.0,-1.0,-1.0,-1.0
all,9,GapJumper-v0,-1.0,-1.0,0.699999988079071,0.375,0.699999988079071,0.375
all,9,Traverser-v0,0.27754223346710205,0.5220627188682556,-1.0,-1.0,-1.0,-1.0
all,9,Flipper-v0,0.039797455072402954,1.0,0.6000000238418579,0.3531874418258667,0.6000000238418579,0.3531874418258667
all,9,Jumper-v0,0.03682399541139603,0.7822707295417786,0.3499999940395355,0.5842847228050232,0.3499999940395355,0.5842847228050232
all,9,Balancer-v0,-1.0,-1.0,0.699999988079071,0.375,0.699999988079071,0.375
all,9,AreaMaximizer-v0,-1.0,-1.0,-1.0,-1.0,-1.0,-1.0
all,9,AreaMinimizer-v0,0.31218773126602173,0.7685851454734802,-1.0,-1.0,-1.0,-1.0
all,9,WingspanMazimizer-v0,-1.0,-1.0,0.30000001192092896,0.5,0.30000001192092896,0.5
all,9,HeightMaximizer-v0,-1.0,-1.0,0.6499999761581421,0.3142802119255066,0.6499999761581421,0.3142802119255066
s1,0,BridgeWalker-v0,0.6685096621513367,0.3449949026107788,0.800000011920929,0.5823795199394226,0.800000011920929,0.5823795199394226
s1,0,PlatformJumper-v0,-1.0,-1.0,0.6000000238418579,0.3856227397918701,0.6000000238418579,0.3856227397918701
s1,0,CaveCrawler-v0,0.8665090799331665,0.9493445158004761,0.6000000238418579,0.498078316450119,0.6000000238418579,0.498078316450119
s1,0,CustomCarrier-v0,0.3560391366481781,0.3118910789489746,-1.0,-1.0,-1.0,-1.0
s1,0,BidirectionalWalker-v0,-1.0,-1.0,-1.0,-1.0,-1.0,-1.0
s1,0,CustomPusher-v0,-1.0,-1.0,0.6499999761581421,0.5555555820465088,0.6499999761581421,0.5555555820465088
s1,0,BeamToppler-v0,0.8665090799331665,0.9493445158004761,0.6000000238418579,0.498078316450119,0.6000000238418579,0.498078316450119
s1,0,Pusher-v1,0.8665090799331665,0.9493445158004761,0.6000000238418579,0.498078316450119,0.6000000238418579,0.498078316450119
s1,0,Catcher-v0,-1.0,-1.0,0.550000011920929,0.4515421986579895,0.550000011920929,0.4515421986579895
s1,0,UpStepper-v0,0.25698795914649963,0.11491106450557709,-1.0,-1.0,-1.0,-1.0
s1,0,DownStepper-v0,-1.0,-1.0,-1.0,-1.0,-1.0,-1.0
s1,0,ObstacleTraverser-v0,0.26067206263542175,0.21945753693580627,0.550000011920929,0.3856227397918701,0.550000011920929,0.3856227397918701
s1,0,ObstacleTraverser-v1,0.1606113761663437,0.10056847333908081,-1.0,-1.0,-1.0,-1.0
s1,0,Hurdler-v0,-1.0,-1.0,-1.0,-1.0,-1.0,-1.0
s1,0,GapJumper-v0,0.22554172575473785,0.2358851432800293,0.5,0.44032177329063416,0.5,0.44032177329063416
s1,0,Traverser-v0,-1.0,-1.0,-1.0,-1.0,-1.0,-1.0
s1,0,Flipper-v0,0.3191026747226715,0.8138142228126526,0.44999998807907104,0.3845534920692444,0.44999998807907104,0.3845534920692444
s1,0,Jumper-v0,-1.0,-1.0,0.699999988079071,0.41577935218811035,0.699999988079071,0.41577935218811035
s1,0,Balancer-v0,0.8665090799331665,0.9493445158004761,0.6000000238418579,0.498078316450119,0.6000000238418579,0.498078316450119
s1,0,AreaMaximizer-v0,0.1627502739429474,0.06519078463315964,-1.0,-1.0,-1.0,-1.0
s1,0,AreaMinimizer-v0,0.30868008732795715,0.09771851450204849,-1.0,-1.0,-1.0,-1.0
s1,0,WingspanMazimizer-v0,-1.0,-1.0,-1.0,-1.0,-1.0,-1.0
s1,0,HeightMaximizer-v0,0.3215160667896271,0.7765041589736938,0.4000000059604645,0.3845534920692444,0.4000000059604645,0.3845534920692444
s1,1,BridgeWalker-v0,-1.0,-1.0,0.44999998807907104,0.375,0.44999998807907104,0.375
s1,1,PlatformJumper-v0,-1.0,-1.0,0.550000011920929,0.4940434396266937,0.550000011920929,0.4940434396266937
s1,1,CaveCrawler-v0,0.0,0.3952591121196747,0.550000011920929,0.6122307777404785,0.550000011920929,0.6122307777404785
s1,1,CustomCarrier-v0,-1.0,-1.0,0.6000000238418579,0.33152708411216736,0.6000000238418579,0.33152708411216736
s1,1,BidirectionalWalker-v0,-1.0,-1.0,0.44999998807907104,0.375,0.44999998807907104,0.375
s1,1,CustomPusher-v0,0.08634674549102783,0.8031796216964722,-1.0,-1.0,-1.0,-1.0
s1,1,BeamToppler-v0,0.11996026337146759,0.7772523760795593,-1.0,-1.0,-1.0,-1.0
s1,1,Pusher-v1,0.21188440918922424,0.4349498450756073,0.75,0.6122307777404785,0.75,0.6122307777404785
s1,1,Catcher-v0,0.1497308760881424,0.322658509016037,0.5,0.5609888434410095,0.5,0.5609888434410095
s1,1,UpStepper-v0,-1.0,-1.0,-1.0,-1.0,-1.0,-1.0
s1,1,DownStepper-v0,-1.0,-1.0,0.6499999761581421,0.4940434396266937,0.6499999761581421,0.4940434396266937
s1,1,ObstacleTraverser-v0,0.038353752344846725,0.9296718239784241,-1.0,-1.0,-1.0,-1.0
s1,1,ObstacleTraverser-v1,0.17980027198791504,0.7603025436401367,-1.0,-1.0,-1.0,-1.0
s1,1,Hurdler-v0,-1.0,-1.0,-1.0,-1.0,-1.0,-1.0
s1,1,GapJumper-v0,0.21733196079730988,0.599203884601593,0.5,0.261772483587265,0.5,0.261772483587265
s1,1,Traverser-v0,-1.0,-1.0,-1.0,-1.0,-1.0,-1.0
s1,1,Flipper-v0,-1.0,-1.0,0.44999998807907104,0.375,0.44999998807907104,0.375
s1,1,Jumper-v0,-1.0,-1.0,0.800000011920929,0.545818030834198,0.800000011920929,0.545818030834198
s1,1,Balancer-v0,0.0,0.3952591121196747,0.550000011920929,0.6122307777404785,0.550000011920929,0.6122307777404785
s1,1,AreaMaximizer-v0,0.22439739108085632,0.2735253870487213,0.699999988079071,0.5747693181037903,0.699999988079071,0.5747693181037903
s1,1,AreaMinimizer-v0,-1.0,-1.0,0.5,0.2149059772491455,0.5,0.2149059772491455
s1,1,WingspanMazimizer-v0,-1.0,-1.0,0.6000000238418579,0.6122307777404785,0.6000000238418579,0.6122307777404785
s1,1,HeightMaximizer-v0,-1.0,-1.0,0.5,0.375,0.5,0.375
s1,2,BridgeWalker-v0,-1.0,-1.0,0.699999988079071,0.5292956233024597,0.699999988079071,0.5292956233024597
s1,2,PlatformJumper-v0,0.6064590811729431,0.033310383558273315,0.6000000238418579,0.34407681226730347,0.6000000238418579,0.34407681226730347
s1,2,CaveCrawler-v0,-1.0,-1.0,0.699999988079071,0.5292956233024597,0.699999988079071,0.5292956233024597
s1,2,CustomCarrier-v0,0.6064590811729431,0.033310383558273315,0.6000000238418579,0.34407681226730347,0.6000000238418579,0.34407681226730347
s1,2,BidirectionalWalker-v0,0.6064590811729431,0.033310383558273315,0.6000000238418579,0.34407681226730347,0.6000000238418579,0.34407681226730347
s1,2,CustomPusher-v0,1.0,1.0,0.6499999761581421,0.5451017618179321,0.6499999761581421,0.5451017618179321
s1,2,BeamToppler-v0,-1.0,-1.0,-1.0,-1.0,-1.0,-1.0
s1,2,Pusher-v1,0.6908973455429077,0.36339083313941956,0.6499999761581421,0.6453024744987488,0.6499999761581421,0.6453024744987488
s1,2,Catcher-v0,0.7102636098861694,0.9368809461593628,-1.0,-1.0,-1.0,-1.0
s1,2,UpStepper-v0,0.8893181681632996,0.9875971674919128,-1.0,-1.0,-1.0,-1.0
s1,2,DownStepper-v0,-1.0,-1.0,0.699999988079071,0.5292956233024597,0.699999988079071,0.5292956233024597
s1,2,ObstacleTraverser-v0,0.9333215355873108,1.0,-1.0,-1.0,-1.0,-1.0
s1,2,ObstacleTraverser-v1,-1.0,-1.0,-1.0,-1.0,-1.0,-1.0
s1,2,Hurdler-v0,0.8849017024040222,0.9566831588745117,-1.0,-1.0,-1.0,-1.0
s1,2,GapJumper-v0,-1.0,-1.0,-1.0,-1.0,-1.0,-1.0
s1,2,Traverser-v0,0.6064590811729431,0.033310383558273315,0.6000000238418579,0.34407681226730347,0.6000000238418579,0.34407681226730347
s1,2,Flipper-v0,0.12145838886499405,0.0,-1.0,-1.0,-1.0,-1.0
s1,2,Jumper-v0,0.7732213735580444,0.24253304302692413,-1.0,-1.0,-1.0,-1.0
s1,2,Balancer-v0,-1.0,-1.0,0.4000000059604645,0.1666666716337204,0.4000000059604645,0.1666666716337204
s1,2,AreaMaximizer-v0,0.6908973455429077,0.36339083313941956,0.6499999761581421,0.6453024744987488,0.6499999761581421,0.6453024744987488
s1,2,AreaMinimizer-v0,0.8849017024040222,0.9566831588745117,-1.0,-1.0,-1.0,-1.0
s1,2,WingspanMazimizer-v0,-1.0,-1.0,-1.0,-1.0,-1.0,-1.0
s1,2,HeightMaximizer-v0,-1.0,-1.0,0.6499999761581421,0.38322919607162476,0.6499999761581421,0.38322919607162476
s1,3,BridgeWalker-v0,-1.0,-1.0,-1.0,-1.0,-1.0,-1.0
s1,3,PlatformJumper-v0,-1.0,-1.0,-1.0,-1.0,-1.0,-1.0
s1,3,CaveCrawler-v0,-1.0,-1.0,-1.0,-1.0,-1.0,-1.0
s1,3,CustomCarrier-v0,0.06825166940689087,0.8698984980583191,0.699999988079071,0.4745822548866272,0.699999988079071,0.4745822548866272
s1,3,BidirectionalWalker-v0,0.1315138339996338,0.9861587285995483,-1.0,-1.0,-1.0,-1.0
s1,3,CustomPusher-v0,0.4806267321109772,0.7565046548843384,0.5,0.5017200112342834,0.5,0.5017200112342834
s1,3,BeamToppler-v0,-1.0,-1.0,-1.0,-1.0,-1.0,-1.0
s1,3,Pusher-v1,-1.0,-1.0,0.5,0.4514002203941345,0.5,0.4514002203941345
s1,3,Catcher-v0,0.39354583621025085,0.5832149982452393,0.699999988079071,0.36673712730407715,0.699999988079071,0.36673712730407715
s1,3,UpStepper-v0,-1.0,-1.0,-1.0,-1.0,-1.0,-1.0
s1,3,DownStepper-v0,0.5936173796653748,0.48961472511291504,0.6499999761581421,0.3792167007923126,0.6499999761581421,0.3792167007923126
s1,3,ObstacleTraverser-v0,0.5410213470458984,0.7916570901870728,-1.0,-1.0,-1.0,-1.0
s1,3,ObstacleTraverser-v1,-1.0,-1.0,-1.0,-1.0,-1.0,-1.0
s1,3,Hurdler-v0,-1.0,-1.0,0.699999988079071,0.4121011197566986,0.699999988079071,0.4121011197566986
s1,3,GapJumper-v0,0.32214292883872986,0.474093496799469,0.4000000059604645,0.46602559089660645,0.4000000059604645,0.46602559089660645
s1,3,Traverser-v0,-1.0,-1.0,-1.0,-1.0,-1.0,-1.0
s1,3,Flipper-v0,-1.0,-1.0,-1.0,-1.0,-1.0,-1.0
s1,3,Jumper-v0,0.5936173796653748,0.48961472511291504,0.6499999761581421,0.3792167007923126,0.6499999761581421,0.3792167007923126
s1,3,Balancer-v0,0.603938102722168,0.9723044037818909,0.5,0.33014780282974243,0.5,0.33014780282974243
s1,3,AreaMaximizer-v0,0.5905221104621887,0.9757615327835083,-1.0,-1.0,-1.0,-1.0
s1,3,AreaMinimizer-v0,0.636074423789978,0.8305866122245789,-1.0,-1.0,-1.0,-1.0
s1,3,WingspanMazimizer-v0,-1.0,-1.0,-1.0,-1.0,-1.0,-1.0
s1,3,HeightMaximizer-v0,0.0,0.5347910523414612,0.6000000238418579,0.6666666865348816,0.6000000238418579,0.6666666865348816
s1,4,BridgeWalker-v0,0.3992871940135956,0.6273862719535828,0.3499999940395355,0.5864514708518982,0.3499999940395355,0.5864514708518982
s1,4,PlatformJumper-v0,-1.0,-1.0,-1.0,-1.0,-1.0,-1.0
s1,4,CaveCrawler-v0,0.5321072936058044,0.8379226326942444,0.4000000059604645,0.6283266544342041,0.4000000059604645,0.6283266544342041
s1,4,CustomCarrier-v0,0.9970974922180176,0.8977541327476501,0.6499999761581421,0.18336856365203857,0.6499999761581421,0.18336856365203857
s1,4,BidirectionalWalker-v0,0.4219338595867157,0.6658234596252441,0.3499999940395355,0.6686570048332214,0.3499999940395355,0.6686570048332214
s1,4,CustomPusher-v0,-1.0,-1.0,-1.0,-1.0,-1.0,-1.0
s1,4,BeamToppler-v0,0.4383336901664734,0.7438086271286011,-1.0,-1.0,-1.0,-1.0
s1,4,Pusher-v1,0.6550344228744507,0.06756823509931564,0.6000000238418579,0.44580820202827454,0.6000000238418579,0.44580820202827454
s1,4,Catcher-v0,0.4601738750934601,0.693591296672821,0.30000001192092896,0.543379545211792,0.30000001192092896,0.543379545211792
s1,4,UpStepper-v0,0.8812497854232788,0.8080781698226929,-1.0,-1.0,-1.0,-1.0
s1,4,DownStepper-v0,0.9485259056091309,0.8524698615074158,0.699999988079071,0.23148874938488007,0.699999988079071,0.23148874938488007
s1,4,ObstacleTraverser-v0,0.9485259056091309,0.8524698615074158,0.699999988079071,0.23148874938488007,0.699999988079071,0.23148874938488007
s1,4,ObstacleTraverser-v1,-1.0,-1.0,-1.0,-1.0,-1.0,-1.0
s1,4,Hurdler-v0,-1.0,-1.0,-1.0,-1.0,-1.0,-1.0
s1,4,GapJumper-v0,0.5508243441581726,0.7896448373794556,0.550000011920929,0.6481890678405762,0.550000011920929,0.6481890678405762
s1,4,Traverser-v0,-1.0,-1.0,-1.0,-1.0,-1.0,-1.0
s1,4,Flipper-v0,-1.0,-1.0,-1.0,-1.0,-1.0,-1.0
s1,4,Jumper-v0,0.6741753816604614,0.6762695908546448,-1.0,-1.0,-1.0,-1.0
s1,4,Balancer-v0,0.6550344228744507,0.06756823509931564,0.6000000238418579,0.44580820202827454,0.6000000238418579,0.44580820202827454
s1,4,AreaMaximizer-v0,0.6465364098548889,0.16232146322727203,0.75,0.44580820202827454,0.75,0.44580820202827454
s1,4,AreaMinimizer-v0,-1.0,-1.0,0.699999988079071,0.3052726984024048,0.699999988079071,0.3052726984024048
s1,4,WingspanMazimizer-v0,0.555891215801239,0.3214470446109772,0.699999988079071,0.5221136212348938,0.699999988079071,0.5221136212348938
s1,4,HeightMaximizer-v0,-1.0,-1.0,0.5,0.32677218317985535,0.5,0.32677218317985535
s1,5,BridgeWalker-v0,0.12209669500589371,0.5396105647087097,0.44999998807907104,0.5524192452430725,0.44999998807907104,0.5524192452430725
s1,5,PlatformJumper-v0,0.29020872712135315,0.649244487285614,0.699999988079071,0.4250560402870178,0.699999988079071,0.4250560402870178
s1,5,CaveCrawler-v0,-1.0,-1.0,-1.0,-1.0,-1.0,-1.0
s1,5,CustomCarrier-v0,0.05677959322929382,0.6350315809249878,-1.0,-1.0,-1.0,-1.0
s1,5,BidirectionalWalker-v0,0.3416544198989868,0.7061789631843567,0.4000000059604645,0.3039889335632324,0.4000000059604645,0.3039889335632324
s1,5,CustomPusher-v0,0.18241281807422638,0.9522185921669006,-1.0,-1.0,-1.0,-1.0
s1,5,BeamToppler-v0,-1.0,-1.0,0.6499999761581421,0.4364077150821686,0.6499999761581421,0.4364077150821686
s1,5,Pusher-v1,0.29020872712135315,0.649244487285614,0.699999988079071,0.4250560402870178,0.699999988079071,0.4250560402870178
s1,5,Catcher-v0,-1.0,-1.0,-1.0,-1.0,-1.0,-1.0
s1,5,UpStepper-v0,0.2818659543991089,0.8075379133224487,0.550000011920929,0.3680265545845032,0.550000011920929,0.3680265545845032
s1,5,DownStepper-v0,-1.0,-1.0,0.5,0.5089364647865295,0.5,0.5089364647865295
s1,5,ObstacleTraverser-v0,-1.0,-1.0,0.75,0.5366607904434204,0.75,0.5366607904434204
s1,5,ObstacleTraverser-v1,0.04123254120349884,0.6224128603935242,0.699999988079071,0.5366607904434204,0.699999988079071,0.5366607904434204
s1,5,Hurdler-v0,-1.0,-1.0,0.6499999761581421,0.2255101501941681,0.6499999761581421,0.2255101501941681
s1,5,GapJumper-v0,0.15341444313526154,0.5934000611305237,-1.0,-1.0,-1.0,-1.0
s1,5,Traverser-v0,-1.0,-1.0,-1.0,-1.0,-1.0,-1.0
s1,5,Flipper-v0,-1.0,-1.0,0.4000000059604645,0.526601254940033,0.4000000059604645,0.526601254940033
s1,5,Jumper-v0,-1.0,-1.0,0.4000000059604645,0.526601254940033,0.4000000059604645,0.526601254940033
s1,5,Balancer-v0,0.17353759706020355,0.9251940846443176,0.6499999761581421,0.3680265545845032,0.6499999761581421,0.3680265545845032
s1,5,AreaMaximizer-v0,-1.0,-1.0,0.550000011920929,0.5048902034759521,0.550000011920929,0.5048902034759521
s1,5,AreaMinimizer-v0,0.20244601368904114,0.7591271996498108,0.75,0.4250560402870178,0.75,0.4250560402870178
s1,5,WingspanMazimizer-v0,0.023094015195965767,0.573004961013794,0.550000011920929,0.5836708545684814,0.550000011920929,0.5836708545684814
s1,5,HeightMaximizer-v0,0.12209669500589371,0.5396105647087097,0.44999998807907104,0.5524192452430725,0.44999998807907104,0.5524192452430725
s1,6,BridgeWalker-v0,0.6160858273506165,0.44607123732566833,0.550000011920929,0.5268421173095703,0.550000011920929,0.5268421173095703
s1,6,PlatformJumper-v0,0.6179553866386414,0.022902367636561394,0.550000011920929,0.3939189016819,0.550000011920929,0.3939189016819
s1,6,CaveCrawler-v0,-1.0,-1.0,0.6499999761581421,0.4637678861618042,0.6499999761581421,0.4637678861618042
s1,6,CustomCarrier-v0,-1.0,-1.0,-1.0,-1.0,-1.0,-1.0
s1,6,BidirectionalWalker-v0,0.7559027671813965,0.13690710067749023,-1.0,-1.0,-1.0,-1.0
s1,6,CustomPusher-v0,0.6764112710952759,0.10348749160766602,-1.0,-1.0,-1.0,-1.0
s1,6,BeamToppler-v0,0.7749577760696411,0.5733873844146729,0.25,0.3674280345439911,0.25,0.3674280345439911
s1,6,Pusher-v1,-1.0,-1.0,-1.0,-1.0,-1.0,-1.0
s1,6,Catcher-v0,-1.0,-1.0,0.550000011920929,0.5539788007736206,0.550000011920929,0.5539788007736206
s1,6,UpStepper-v0,-1.0,-1.0,-1.0,-1.0,-1.0,-1.0
s1,6,DownStepper-v0,0.6816969513893127,0.4385794401168823,-1.0,-1.0,-1.0,-1.0
s1,6,ObstacleTraverser-v0,0.6919735074043274,0.29414793848991394,-1.0,-1.0,-1.0,-1.0
s1,6,ObstacleTraverser-v1,0.7588134407997131,0.11884457617998123,-1.0,-1.0,-1.0,-1.0
s1,6,Hurdler-v0,0.8386561274528503,0.5636617541313171,-1.0,-1.0,-1.0,-1.0
s1,6,GapJumper-v0,-1.0,-1.0,-1.0,-1.0,-1.0,-1.0
s1,6,Traverser-v0,0.6499548554420471,0.31543785333633423,-1.0,-1.0,-1.0,-1.0
s1,6,Flipper-v0,-1.0,-1.0,-1.0,-1.0,-1.0,-1.0
s1,6,Jumper-v0,-1.0,-1.0,-1.0,-1.0,-1.0,-1.0
s1,6,Balancer-v0,0.5482944846153259,0.07934913039207458,0.5,0.41294363141059875,0.5,0.41294363141059875
s1,6,AreaMaximizer-v0,-1.0,-1.0,0.699999988079071,0.4806000590324402,0.699999988079071,0.4806000590324402
s1,6,AreaMinimizer-v0,0.7132726907730103,0.44237667322158813,0.6000000238418579,0.38403579592704773,0.6000000238418579,0.38403579592704773
s1,6,WingspanMazimizer-v0,0.6816969513893127,0.4385794401168823,-1.0,-1.0,-1.0,-1.0
s1,6,HeightMaximizer-v0,0.6439364552497864,0.12282285839319229,-1.0,-1.0,-1.0,-1.0
s1,7,BridgeWalker-v0,0.7405780553817749,0.6664455533027649,0.6000000238418579,0.5124003291130066,0.6000000238418579,0.5124003291130066
s1,7,PlatformJumper-v0,-1.0,-1.0,-1.0,-1.0,-1.0,-1.0
s1,7,CaveCrawler-v0,-1.0,-1.0,0.5,0.3876102864742279,0.5,0.3876102864742279
s1,7,CustomCarrier-v0,-1.0,-1.0,-1.0,-1.0,-1.0,-1.0
s1,7,BidirectionalWalker-v0,0.9935681223869324,0.9090115427970886,0.5,0.4598025679588318,0.5,0.4598025679588318
s1,7,CustomPusher-v0,-1.0,-1.0,-1.0,-1.0,-1.0,-1.0
s1,7,BeamToppler-v0,-1.0,-1.0,-1.0,-1.0,-1.0,-1.0
s1,7,Pusher-v1,-1.0,-1.0,-1.0,-1.0,-1.0,-1.0
s1,7,Catcher-v0,0.14263880252838135,0.2030366063117981,0.4000000059604645,0.2301720380783081,0.4000000059604645,0.2301720380783081
s1,7,UpStepper-v0,-1.0,-1.0,0.30000001192092896,0.42624032497406006,0.30000001192092896,0.42624032497406006
s1,7,DownStepper-v0,-1.0,-1.0,-1.0,-1.0,-1.0,-1.0
s1,7,ObstacleTraverser-v0,0.3949677050113678,0.9344285726547241,0.550000011920929,0.22443310916423798,0.550000011920929,0.22443310916423798
s1,7,ObstacleTraverser-v1,-1.0,-1.0,0.550000011920929,0.4484498202800751,0.550000011920929,0.4484498202800751
s1,7,Hurdler-v0,0.34883683919906616,0.9850724935531616,-1.0,-1.0,-1.0,-1.0
s1,7,GapJumper-v0,0.728442370891571,0.33474600315093994,-1.0,-1.0,-1.0,-1.0
s1,7,Traverser-v0,-1.0,-1.0,-1.0,-1.0,-1.0,-1.0
s1,7,Flipper-v0,0.388149231672287,0.1801445484161377,0.44999998807907104,0.39030951261520386,0.44999998807907104,0.39030951261520386
s1,7,Jumper-v0,-1.0,-1.0,0.75,0.4492103159427643,0.75,0.4492103159427643
s1,7,Balancer-v0,-1.0,-1.0,0.75,0.5124003291130066,0.75,0.5124003291130066
s1,7,AreaMaximizer-v0,0.8639074563980103,0.8205922842025757,0.550000011920929,0.4043596088886261,0.550000011920929,0.4043596088886261
s1,7,AreaMinimizer-v0,0.6202982068061829,0.6383423209190369,0.6000000238418579,0.5263575911521912,0.6000000238418579,0.5263575911521912
s1,7,WingspanMazimizer-v0,0.7405780553817749,0.6664455533027649,0.6000000238418579,0.5124003291130066,0.6000000238418579,0.5124003291130066
s1,7,HeightMaximizer-v0,0.26296287775039673,0.30488765239715576,0.44999998807907104,0.2301720380783081,0.44999998807907104,0.2301720380783081
s1,8,BridgeWalker-v0,-1.0,-1.0,-1.0,-1.0,-1.0,-1.0
s1,8,PlatformJumper-v0,-1.0,-1.0,-1.0,-1.0,-1.0,-1.0
s1,8,CaveCrawler-v0,0.1557406336069107,0.8036908507347107,0.5,0.3436232805252075,0.5,0.3436232805252075
s1,8,CustomCarrier-v0,0.14858290553092957,0.8074194192886353,0.550000011920929,0.3436232805252075,0.550000011920929,0.3436232805252075
s1,8,BidirectionalWalker-v0,0.8127972483634949,1.0,0.6499999761581421,0.375,0.6499999761581421,0.375
s1,8,CustomPusher-v0,0.14858290553092957,0.8074194192886353,0.550000011920929,0.3436232805252075,0.550000011920929,0.3436232805252075
s1,8,BeamToppler-v0,-1.0,-1.0,-1.0,-1.0,-1.0,-1.0
s1,8,Pusher-v1,-1.0,-1.0,0.44999998807907104,0.17494992911815643,0.44999998807907104,0.17494992911815643
s1,8,Catcher-v0,0.9238772988319397,0.23121720552444458,0.44999998807907104,0.130275160074234,0.44999998807907104,0.130275160074234
s1,8,UpStepper-v0,-1.0,-1.0,-1.0,-1.0,-1.0,-1.0
s1,8,DownStepper-v0,0.1557406336069107,0.8036908507347107,0.5,0.3436232805252075,0.5,0.3436232805252075
s1,8,ObstacleTraverser-v0,-1.0,-1.0,-1.0,-1.0,-1.0,-1.0
s1,8,ObstacleTraverser-v1,-1.0,-1.0,-1.0,-1.0,-1.0,-1.0
s1,8,Hurdler-v0,-1.0,-1.0,-1.0,-1.0,-1.0,-1.0
s1,8,GapJumper-v0,-1.0,-1.0,-1.0,-1.0,-1.0,-1.0
s1,8,Traverser-v0,0.8127972483634949,1.0,0.6499999761581421,0.375,0.6499999761581421,0.375
s1,8,Flipper-v0,0.7327481508255005,0.42059528827667236,-1.0,-1.0,-1.0,-1.0
s1,8,Jumper-v0,0.6196476221084595,0.48750805854797363,-1.0,-1.0,-1.0,-1.0
s1,8,Balancer-v0,0.870089054107666,0.3674818277359009,0.5,0.260550320148468,0.5,0.260550320148468
s1,8,AreaMaximizer-v0,-1.0,-1.0,-1.0,-1.0,-1.0,-1.0
s1,8,AreaMinimizer-v0,0.16122210025787354,0.9166423678398132,0.6499999761581421,0.4133913815021515,0.6499999761581421,0.4133913815021515
s1,8,WingspanMazimizer-v0,-1.0,-1.0,-1.0,-1.0,-1.0,-1.0
s1,8,HeightMaximizer-v0,0.8499038219451904,1.0,-1.0,-1.0,-1.0,-1.0
s1,9,BridgeWalker-v0,-1.0,-1.0,-1.0,-1.0,-1.0,-1.0
s1,9,PlatformJumper-v0,0.8320140838623047,0.10668697953224182,-1.0,-1.0,-1.0,-1.0
s1,9,CaveCrawler-v0,-1.0,-1.0,0.44999998807907104,0.22570011019706726,0.44999998807907104,0.22570011019706726
s1,9,CustomCarrier-v0,0.33262884616851807,0.8030586242675781,-1.0,-1.0,-1.0,-1.0
s1,9,BidirectionalWalker-v0,-1.0,-1.0,0.6000000238418579,0.1666666716337204,0.6000000238418579,0.1666666716337204
s1,9,CustomPusher-v0,0.334026575088501,0.9317139387130737,-1.0,-1.0,-1.0,-1.0
s1,9,BeamToppler-v0,-1.0,-1.0,0.699999988079071,0.125,0.699999988079071,0.125
s1,9,Pusher-v1,0.8562694787979126,0.3124060034751892,0.6000000238418579,0.2857142984867096,0.6000000238418579,0.2857142984867096
s1,9,Catcher-v0,-1.0,-1.0,0.5,0.3845534920692444,0.5,0.3845534920692444
s1,9,UpStepper-v0,-1.0,-1.0,0.6499999761581421,0.125,0.6499999761581421,0.125
s1,9,DownStepper-v0,0.3617207705974579,0.8702802062034607,0.550000011920929,0.3845534920692444,0.550000011920929,0.3845534920692444
s1,9,ObstacleTraverser-v0,0.19390934705734253,0.8954871296882629,-1.0,-1.0,-1.0,-1.0
s1,9,ObstacleTraverser-v1,-1.0,-1.0,0.6499999761581421,0.5206623673439026,0.6499999761581421,0.5206623673439026
s1,9,Hurdler-v0,0.5947818756103516,1.0,0.699999988079071,0.39030951261520386,0.699999988079071,0.39030951261520386
s1,9,GapJumper-v0,-1.0,-1.0,-1.0,-1.0,-1.0,-1.0
s1,9,Traverser-v0,-1.0,-1.0,0.699999988079071,0.125,0.699999988079071,0.125
s1,9,Flipper-v0,0.8159753084182739,0.31520816683769226,0.6000000238418579,0.3737748861312866,0.6000000238418579,0.3737748861312866
s1,9,Jumper-v0,0.2907983362674713,0.7021674513816833,-1.0,-1.0,-1.0,-1.0
s1,9,Balancer-v0,0.8163608908653259,0.23258933424949646,-1.0,-1.0,-1.0,-1.0
s1,9,AreaMaximizer-v0,0.43694499135017395,0.8531855344772339,0.6000000238418579,0.4364077150821686,0.6000000238418579,0.4364077150821686
s1,9,AreaMinimizer-v0,-1.0,-1.0,0.6000000238418579,0.125,0.6000000238418579,0.125
s1,9,WingspanMazimizer-v0,0.43694499135017395,0.8531855344772339,0.6000000238418579,0.4364077150821686,0.6000000238418579,0.4364077150821686
s1,9,HeightMaximizer-v0,0.7599420547485352,0.2652322053909302,0.30000001192092896,0.2857142984867096,0.30000001192092896,0.2857142984867096
s2,0,BridgeWalker-v0,0.33044952154159546,0.3953479826450348,-1.0,-1.0,-1.0,-1.0
s2,0,PlatformJumper-v0,0.3079026937484741,0.3418969213962555,-1.0,-1.0,-1.0,-1.0
s2,0,CaveCrawler-v0,-1.0,-1.0,0.6000000238418579,0.3213832378387451,0.6000000238418579,0.3213832378387451
s2,0,CustomCarrier-v0,-1.0,-1.0,0.44999998807907104,0.20917318761348724,0.44999998807907104,0.20917318761348724
s2,0,BidirectionalWalker-v0,0.3774201571941376,0.49719059467315674,-1.0,-1.0,-1.0,-1.0
s2,0,CustomPusher-v0,-1.0,-1.0,0.5,0.15562888979911804,0.5,0.15562888979911804
s2,0,BeamToppler-v0,-1.0,-1.0,0.5,0.2040395736694336,0.5,0.2040395736694336
s2,0,Pusher-v1,0.45435670018196106,0.40016692876815796,-1.0,-1.0,-1.0,-1.0
s2,0,Catcher-v0,0.1898018717765808,0.4147287607192993,-1.0,-1.0,-1.0,-1.0
s2,0,UpStepper-v0,-1.0,-1.0,-1.0,-1.0,-1.0,-1.0
s2,0,DownStepper-v0,-1.0,-1.0,0.44999998807907104,0.5902223587036133,0.44999998807907104,0.5902223587036133
s2,0,ObstacleTraverser-v0,0.33044952154159546,0.3953479826450348,-1.0,-1.0,-1.0,-1.0
s2,0,ObstacleTraverser-v1,0.37877243757247925,0.39129966497421265,0.6499999761581421,0.125,0.6499999761581421,0.125
s2,0,Hurdler-v0,-1.0,-1.0,0.6499999761581421,0.5645771026611328,0.6499999761581421,0.5645771026611328
s2,0,GapJumper-v0,-1.0,-1.0,0.5,0.12555980682373047,0.5,0.12555980682373047
s2,0,Traverser-v0,-1.0,-1.0,0.5,0.2040395736694336,0.5,0.2040395736694336
s2,0,Flipper-v0,0.2669117748737335,0.4239482581615448,-1.0,-1.0,-1.0,-1.0
s2,0,Jumper-v0,0.44497790932655334,0.4653928279876709,-1.0,-1.0,-1.0,-1.0
s2,0,Balancer-v0,0.4489660859107971,0.5146982073783875,-1.0,-1.0,-1.0,-1.0
s2,0,AreaMaximizer-v0,0.423991322517395,0.5140054225921631,-1.0,-1.0,-1.0,-1.0
s2,0,AreaMinimizer-v0,0.22424587607383728,0.3646402060985565,-1.0,-1.0,-1.0,-1.0
s2,0,WingspanMazimizer-v0,0.3774201571941376,0.49719059467315674,-1.0,-1.0,-1.0,-1.0
s2,0,HeightMaximizer-v0,0.2970508337020874,0.4297551214694977,-1.0,-1.0,-1.0,-1.0
s2,1,BridgeWalker-v0,-1.0,-1.0,0.6499999761581421,0.4010804295539856,0.6499999761581421,0.4010804295539856
s2,1,PlatformJumper-v0,0.5841740369796753,0.27137643098831177,-1.0,-1.0,-1.0,-1.0
s2,1,CaveCrawler-v0,0.39393430948257446,0.34265607595443726,0.6499999761581421,0.7648226618766785,0.6499999761581421,0.7648226618766785
s2,1,CustomCarrier-v0,-1.0,-1.0,0.699999988079071,0.3581766188144684,0.699999988079071,0.3581766188144684
s2,1,BidirectionalWalker-v0,0.5804595947265625,0.255846232175827,0.20000000298023224,0.7413905262947083,0.20000000298023224,0.7413905262947083
s2,1,CustomPusher-v0,0.42798590660095215,0.37942618131637573,0.4000000059604645,0.19696325063705444,0.4000000059604645,0.19696325063705444
s2,1,BeamToppler-v0,0.3627450168132782,0.4862406849861145,-1.0,-1.0,-1.0,-1.0
s2,1,Pusher-v1,0.44048190116882324,0.3900364339351654,0.75,0.29448118805885315,0.75,0.29448118805885315
s2,1,Catcher-v0,0.6103813052177429,0.264621764421463,0.30000001192092896,0.5528659820556641,0.30000001192092896,0.5528659820556641
s2,1,UpStepper-v0,-1.0,-1.0,-1.0,-1.0,-1.0,-1.0
s2,1,DownStepper-v0,-1.0,-1.0,0.6000000238418579,0.3090737760066986,0.6000000238418579,0.3090737760066986
s2,1,ObstacleTraverser-v0,0.577966034412384,0.28336769342422485,0.20000000298023224,0.43860766291618347,0.20000000298023224,0.43860766291618347
s2,1,ObstacleTraverser-v1,-1.0,-1.0,-1.0,-1.0,-1.0,-1.0
s2,1,Hurdler-v0,0.577966034412384,0.28336769342422485,0.20000000298023224,0.43860766291618347,0.20000000298023224,0.43860766291618347
s2,1,GapJumper-v0,0.5804595947265625,0.255846232175827,0.20000000298023224,0.7413905262947083,0.20000000298023224,0.7413905262947083
s2,1,Traverser-v0,0.4775262176990509,0.3758154809474945,-1.0,-1.0,-1.0,-1.0
s2,1,Flipper-v0,0.47555625438690186,0.4004376232624054,0.10000000149011612,0.3080477714538574,0.10000000149011612,0.3080477714538574
s2,1,Jumper-v0,-1.0,-1.0,0.75,0.47335442900657654,0.75,0.47335442900657654
s2,1,Balancer-v0,0.6296672224998474,0.2366558462381363,-1.0,-1.0,-1.0,-1.0
s2,1,AreaMaximizer-v0,0.3876993656158447,0.39378654956817627,-1.0,-1.0,-1.0,-1.0
s2,1,AreaMinimizer-v0,0.5527907609939575,0.23855985701084137,-1.0,-1.0,-1.0,-1.0
s2,1,WingspanMazimizer-v0,0.5537870526313782,0.19659626483917236,-1.0,-1.0,-1.0,-1.0
s2,1,HeightMaximizer-v0,0.4833773970603943,0.2748301327228546,-1.0,-1.0,-1.0,-1.0
s2,2,BridgeWalker-v0,-1.0,-1.0,-1.0,-1.0,-1.0,-1.0
s2,2,PlatformJumper-v0,-1.0,-1.0,-1.0,-1.0,-1.0,-1.0
s2,2,CaveCrawler-v0,0.36793220043182373,0.6057108640670776,-1.0,-1.0,-1.0,-1.0
s2,2,CustomCarrier-v0,-1.0,-1.0,0.3499999940395355,0.497501939535141,0.3499999940395355,0.497501939535141
s2,2,BidirectionalWalker-v0,0.369234561920166,0.5619351267814636,-1.0,-1.0,-1.0,-1.0
s2,2,CustomPusher-v0,-1.0,-1.0,0.4000000059604645,0.45386528968811035,0.4000000059604645,0.45386528968811035
s2,2,BeamToppler-v0,0.14758281409740448,0.44314777851104736,-1.0,-1.0,-1.0,-1.0
s2,2,Pusher-v1,0.2345365434885025,0.40066438913345337,-1.0,-1.0,-1.0,-1.0
s2,2,Catcher-v0,0.15356087684631348,0.4738042652606964,-1.0,-1.0,-1.0,-1.0
s2,2,UpStepper-v0,-1.0,-1.0,-1.0,-1.0,-1.0,-1.0
s2,2,DownStepper-v0,-1.0,-1.0,-1.0,-1.0,-1.0,-1.0
s2,2,ObstacleTraverser-v0,-1.0,-1.0,0.800000011920929,0.2968516945838928,0.800000011920929,0.2968516945838928
s2,2,ObstacleTraverser-v1,-1.0,-1.0,-1.0,-1.0,-1.0,-1.0
s2,2,Hurdler-v0,0.36858320236206055,0.4135276973247528,0.6499999761581421,0.44172176718711853,0.6499999761581421,0.44172176718711853
s2,2,GapJumper-v0,0.09119223058223724,0.41899019479751587,-1.0,-1.0,-1.0,-1.0
s2,2,Traverser-v0,-1.0,-1.0,-1.0,-1.0,-1.0,-1.0
s2,2,Flipper-v0,-1.0,-1.0,-1.0,-1.0,-1.0,-1.0
s2,2,Jumper-v0,0.19253253936767578,0.4080435335636139,-1.0,-1.0,-1.0,-1.0
s2,2,Balancer-v0,0.36888039112091064,0.4230195879936218,0.75,0.04983626306056976,0.75,0.04983626306056976
s2,2,AreaMaximizer-v0,0.295404851436615,0.3759618103504181,-1.0,-1.0,-1.0,-1.0
s2,2,AreaMinimizer-v0,0.3842846751213074,0.394296795129776,0.4000000059604645,0.21422864496707916,0.4000000059604645,0.21422864496707916
s2,2,WingspanMazimizer-v0,0.15763221681118011,0.42387038469314575,-1.0,-1.0,-1.0,-1.0
s2,2,HeightMaximizer-v0,-1.0,-1.0,-1.0,-1.0,-1.0,-1.0
s2,3,BridgeWalker-v0,-1.0,-1.0,-1.0,-1.0,-1.0,-1.0
s2,3,PlatformJumper-v0,-1.0,-1.0,0.10000000149011612,0.27537301182746887,0.10000000149011612,0.27537301182746887
s2,3,CaveCrawler-v0,0.47880640625953674,0.5597732067108154,-1.0,-1.0,-1.0,-1.0
s2,3,CustomCarrier-v0,0.5384421348571777,0.5713902115821838,0.4000000059604645,0.340465784072876,0.4000000059604645,0.340465784072876
s2,3,BidirectionalWalker-v0,-1.0,-1.0,0.4000000059604645,0.2783954441547394,0.4000000059604645,0.2783954441547394
s2,3,CustomPusher-v0,0.46583524346351624,0.5111361742019653,0.6499999761581421,0.5316225290298462,0.6499999761581421,0.5316225290298462
s2,3,BeamToppler-v0,-1.0,-1.0,0.10000000149011612,0.27537301182746887,0.10000000149011612,0.27537301182746887
s2,3,Pusher-v1,0.6684044599533081,0.5369712114334106,-1.0,-1.0,-1.0,-1.0
s2,3,Catcher-v0,-1.0,-1.0,-1.0,-1.0,-1.0,-1.0
s2,3,UpStepper-v0,-1.0,-1.0,0.4000000059604645,0.4121011197566986,0.4000000059604645,0.4121011197566986
s2,3,DownStepper-v0,0.46583524346351624,0.5111361742019653,0.6499999761581421,0.5316225290298462,0.6499999761581421,0.5316225290298462
s2,3,ObstacleTraverser-v0,0.6714099645614624,0.5772901177406311,0.3499999940395355,0.4930870532989502,0.3499999940395355,0.4930870532989502
s2,3,ObstacleTraverser-v1,0.47880640625953674,0.5597732067108154,-1.0,-1.0,-1.0,-1.0
s2,3,Hurdler-v0,0.6714099645614624,0.5772901177406311,0.3499999940395355,0.4930870532989502,0.3499999940395355,0.4930870532989502
s2,3,GapJumper-v0,0.5878090262413025,0.5759563446044922,0.5,0.340465784072876,0.5,0.340465784072876
s2,3,Traverser-v0,0.634428083896637,0.634156346321106,-1.0,-1.0,-1.0,-1.0
s2,3,Flipper-v0,0.5852441191673279,0.6527270674705505,-1.0,-1.0,-1.0,-1.0
s2,3,Jumper-v0,0.32763758301734924,0.4772278964519501,-1.0,-1.0,-1.0,-1.0
s2,3,Balancer-v0,0.5860692262649536,0.6325039863586426,-1.0,-1.0,-1.0,-1.0
s2,3,AreaMaximizer-v0,0.4867454469203949,0.501914918422699,-1.0,-1.0,-1.0,-1.0
s2,3,AreaMinimizer-v0,0.7210987210273743,0.6175866723060608,-1.0,-1.0,-1.0,-1.0
s2,3,WingspanMazimizer-v0,0.7233083248138428,0.572952389717102,-1.0,-1.0,-1.0,-1.0
s2,3,HeightMaximizer-v0,0.4288753569126129,0.47776031494140625,-1.0,-1.0,-1.0,-1.0
s2,4,BridgeWalker-v0,-1.0,-1.0,0.6000000238418579,0.42127326130867004,0.6000000238418579,0.42127326130867004
s2,4,PlatformJumper-v0,0.3494439721107483,0.44153714179992676,-1.0,-1.0,-1.0,-1.0
s2,4,CaveCrawler-v0,-1.0,-1.0,0.5,0.38460972905158997,0.5,0.38460972905158997
s2,4,CustomCarrier-v0,-1.0,-1.0,0.44999998807907104,0.4918498694896698,0.44999998807907104,0.4918498694896698
s2,4,BidirectionalWalker-v0,0.3722856044769287,0.3923322260379791,-1.0,-1.0,-1.0,-1.0
s2,4,CustomPusher-v0,-1.0,-1.0,0.5,0.4918498694896698,0.5,0.4918498694896698
s2,4,BeamToppler-v0,-1.0,-1.0,0.6499999761581421,0.35778144001960754,0.6499999761581421,0.35778144001960754
s2,4,Pusher-v1,0.21921221911907196,0.439773291349411,-1.0,-1.0,-1.0,-1.0
s2,4,Catcher-v0,0.2626851201057434,0.3353496491909027,-1.0,-1.0,-1.0,-1.0
s2,4,UpStepper-v0,-1.0,-1.0,0.800000011920929,0.26883044838905334,0.800000011920929,0.26883044838905334
s2,4,DownStepper-v0,0.3791101574897766,0.45938512682914734,0.6499999761581421,0.5613429546356201,0.6499999761581421,0.5613429546356201
s2,4,ObstacleTraverser-v0,-1.0,-1.0,-1.0,-1.0,-1.0,-1.0
s2,4,ObstacleTraverser-v1,0.42432901263237,0.4361221492290497,-1.0,-1.0,-1.0,-1.0
s2,4,Hurdler-v0,-1.0,-1.0,0.75,0.3592323362827301,0.75,0.3592323362827301
s2,4,GapJumper-v0,-1.0,-1.0,-1.0,-1.0,-1.0,-1.0
s2,4,Traverser-v0,-1.0,-1.0,0.6000000238418579,0.44609707593917847,0.6000000238418579,0.44609707593917847
s2,4,Flipper-v0,0.38330695033073425,0.5377947688102722,-1.0,-1.0,-1.0,-1.0
s2,4,Jumper-v0,0.49203217029571533,0.5272976160049438,-1.0,-1.0,-1.0,-1.0
s2,4,Balancer-v0,-1.0,-1.0,-1.0,-1.0,-1.0,-1.0
s2,4,AreaMaximizer-v0,0.3896957337856293,0.34987562894821167,-1.0,-1.0,-1.0,-1.0
s2,4,AreaMinimizer-v0,-1.0,-1.0,0.800000011920929,0.3589943051338196,0.800000011920929,0.3589943051338196
s2,4,WingspanMazimizer-v0,0.3165407180786133,0.385047048330307,-1.0,-1.0,-1.0,-1.0
s2,4,HeightMaximizer-v0,0.25927266478538513,0.4320930242538452,-1.0,-1.0,-1.0,-1.0
s2,5,BridgeWalker-v0,-1.0,-1.0,0.699999988079071,0.6143682599067688,0.699999988079071,0.6143682599067688
s2,5,PlatformJumper-v0,0.6410419940948486,0.3069940507411957,-1.0,-1.0,-1.0,-1.0
s2,5,CaveCrawler-v0,0.6000045537948608,0.2864335775375366,-1.0,-1.0,-1.0,-1.0
s2,5,CustomCarrier-v0,-1.0,-1.0,0.6000000238418579,0.5154111385345459,0.6000000238418579,0.5154111385345459
s2,5,BidirectionalWalker-v0,0.3263028860092163,0.38199421763420105,-1.0,-1.0,-1.0,-1.0
s2,5,CustomPusher-v0,-1.0,-1.0,-1.0,-1.0,-1.0,-1.0
s2,5,BeamToppler-v0,-1.0,-1.0,0.3499999940395355,0.16507390141487122,0.3499999940395355,0.16507390141487122
s2,5,Pusher-v1,0.2867393493652344,0.3579411804676056,-1.0,-1.0,-1.0,-1.0
s2,5,Catcher-v0,-1.0,-1.0,0.3499999940395355,0.4365445375442505,0.3499999940395355,0.4365445375442505
s2,5,UpStepper-v0,-1.0,-1.0,-1.0,-1.0,-1.0,-1.0
s2,5,DownStepper-v0,-1.0,-1.0,0.800000011920929,0.6143682599067688,0.800000011920929,0.6143682599067688
s2,5,ObstacleTraverser-v0,-1.0,-1.0,0.800000011920929,0.5437024235725403,0.800000011920929,0.5437024235725403
s2,5,ObstacleTraverser-v1,0.5351358652114868,0.36437752842903137,0.8500000238418579,0.03687549754977226,0.8500000238418579,0.03687549754977226
s2,5,Hurdler-v0,-1.0,-1.0,0.699999988079071,0.48248785734176636,0.699999988079071,0.48248785734176636
s2,5,GapJumper-v0,-1.0,-1.0,0.6000000238418579,0.4745822548866272,0.6000000238418579,0.4745822548866272
s2,5,Traverser-v0,-1.0,-1.0,0.3499999940395355,0.16507390141487122,0.3499999940395355,0.16507390141487122
s2,5,Flipper-v0,-1.0,-1.0,0.699999988079071,0.5772078037261963,0.699999988079071,0.5772078037261963
s2,5,Jumper-v0,0.29727619886398315,0.45118558406829834,-1.0,-1.0,-1.0,-1.0
s2,5,Balancer-v0,0.6371999979019165,0.3280890882015228,-1.0,-1.0,-1.0,-1.0
s2,5,AreaMaximizer-v0,-1.0,-1.0,0.800000011920929,0.5437024235725403,0.800000011920929,0.5437024235725403
s2,5,AreaMinimizer-v0,0.6371999979019165,0.3280890882015228,-1.0,-1.0,-1.0,-1.0
s2,5,WingspanMazimizer-v0,0.3560004234313965,0.4859550893306732,-1.0,-1.0,-1.0,-1.0
s2,5,HeightMaximizer-v0,-1.0,-1.0,0.3499999940395355,0.16507390141487122,0.3499999940395355,0.16507390141487122
s2,6,BridgeWalker-v0,-1.0,-1.0,0.6499999761581421,0.17494992911815643,0.6499999761581421,0.17494992911815643
s2,6,PlatformJumper-v0,-1.0,-1.0,0.44999998807907104,0.38322919607162476,0.44999998807907104,0.38322919607162476
s2,6,CaveCrawler-v0,0.4892996549606323,0.4230455458164215,-1.0,-1.0,-1.0,-1.0
s2,6,CustomCarrier-v0,-1.0,-1.0,-1.0,-1.0,-1.0,-1.0
s2,6,BidirectionalWalker-v0,0.2862878739833832,0.5140568614006042,-1.0,-1.0,-1.0,-1.0
s2,6,CustomPusher-v0,-1.0,-1.0,0.5,0.2928103506565094,0.5,0.2928103506565094
s2,6,BeamToppler-v0,0.5086387395858765,0.4029923677444458,-1.0,-1.0,-1.0,-1.0
s2,6,Pusher-v1,0.4351579546928406,0.5461413860321045,-1.0,-1.0,-1.0,-1.0
s2,6,Catcher-v0,0.3662008047103882,0.39877375960350037,-1.0,-1.0,-1.0,-1.0
s2,6,UpStepper-v0,-1.0,-1.0,0.44999998807907104,0.38322919607162476,0.44999998807907104,0.38322919607162476
s2,6,DownStepper-v0,-1.0,-1.0,0.550000011920929,0.4121011197566986,0.550000011920929,0.4121011197566986
s2,6,ObstacleTraverser-v0,-1.0,-1.0,0.5,0.2491832673549652,0.5,0.2491832673549652
s2,6,ObstacleTraverser-v1,-1.0,-1.0,-1.0,-1.0,-1.0,-1.0
s2,6,Hurdler-v0,-1.0,-1.0,-1.0,-1.0,-1.0,-1.0
s2,6,GapJumper-v0,-1.0,-1.0,-1.0,-1.0,-1.0,-1.0
s2,6,Traverser-v0,-1.0,-1.0,0.75,0.06498748809099197,0.75,0.06498748809099197
s2,6,Flipper-v0,-1.0,-1.0,0.5,0.44669970870018005,0.5,0.44669970870018005
s2,6,Jumper-v0,0.38332536816596985,0.5337805151939392,-1.0,-1.0,-1.0,-1.0
s2,6,Balancer-v0,-1.0,-1.0,-1.0,-1.0,-1.0,-1.0
s2,6,AreaMaximizer-v0,-1.0,-1.0,0.8500000238418579,0.261772483587265,0.8500000238418579,0.261772483587265
s2,6,AreaMinimizer-v0,0.402450829744339,0.3629470467567444,-1.0,-1.0,-1.0,-1.0
s2,6,WingspanMazimizer-v0,0.2862878739833832,0.5140568614006042,-1.0,-1.0,-1.0,-1.0
s2,6,HeightMaximizer-v0,0.3043237626552582,0.5332013368606567,-1.0,-1.0,-1.0,-1.0
s2,7,BridgeWalker-v0,-1.0,-1.0,-1.0,-1.0,-1.0,-1.0
s2,7,PlatformJumper-v0,0.5588487982749939,0.5743574500083923,0.4000000059604645,0.6981040239334106,0.4000000059604645,0.6981040239334106
s2,7,CaveCrawler-v0,0.528587818145752,0.5550509691238403,0.5,0.6981040239334106,0.5,0.6981040239334106
s2,7,CustomCarrier-v0,-1.0,-1.0,-1.0,-1.0,-1.0,-1.0
s2,7,BidirectionalWalker-v0,0.4125724732875824,0.4924619793891907,-1.0,-1.0,-1.0,-1.0
s2,7,CustomPusher-v0,-1.0,-1.0,1.0,0.47656014561653137,1.0,0.47656014561653137
s2,7,BeamToppler-v0,-1.0,-1.0,0.6499999761581421,0.6122307777404785,0.6499999761581421,0.6122307777404785
s2,7,Pusher-v1,0.5068406462669373,0.4741099774837494,-1.0,-1.0,-1.0,-1.0
s2,7,Catcher-v0,0.34441670775413513,0.3875091075897217,-1.0,-1.0,-1.0,-1.0
s2,7,UpStepper-v0,-1.0,-1.0,0.699999988079071,0.5609888434410095,0.699999988079071,0.5609888434410095
s2,7,DownStepper-v0,-1.0,-1.0,0.6499999761581421,0.5609888434410095,0.6499999761581421,0.5609888434410095
s2,7,ObstacleTraverser-v0,-1.0,-1.0,-1.0,-1.0,-1.0,-1.0
s2,7,ObstacleTraverser-v1,0.5588487982749939,0.5743574500083923,0.4000000059604645,0.6981040239334106,0.4000000059604645,0.6981040239334106
s2,7,Hurdler-v0,0.3318527936935425,0.5201007127761841,-1.0,-1.0,-1.0,-1.0
s2,7,GapJumper-v0,-1.0,-1.0,0.8999999761581421,0.6008040308952332,0.8999999761581421,0.6008040308952332
s2,7,Traverser-v0,0.4476160407066345,0.4888451099395752,-1.0,-1.0,-1.0,-1.0
s2,7,Flipper-v0,0.3144524395465851,0.5188059210777283,-1.0,-1.0,-1.0,-1.0
s2,7,Jumper-v0,0.3144524395465851,0.5188059210777283,-1.0,-1.0,-1.0,-1.0
s2,7,Balancer-v0,-1.0,-1.0,0.3499999940395355,0.3674280345439911,0.3499999940395355,0.3674280345439911
s2,7,AreaMaximizer-v0,-1.0,-1.0,0.8500000238418579,0.6122307777404785,0.8500000238418579,0.6122307777404785
s2,7,AreaMinimizer-v0,0.5840967893600464,0.549252450466156,-1.0,-1.0,-1.0,-1.0
s2,7,WingspanMazimizer-v0,-1.0,-1.0,0.8500000238418579,0.6408551931381226,0.8500000238418579,0.6408551931381226
s2,7,HeightMaximizer-v0,0.44474536180496216,0.2964458167552948,-1.0,-1.0,-1.0,-1.0
s2,8,BridgeWalker-v0,-1.0,-1.0,-1.0,-1.0,-1.0,-1.0
s2,8,PlatformJumper-v0,-1.0,-1.0,0.3499999940395355,0.48060306906700134,0.3499999940395355,0.48060306906700134
s2,8,CaveCrawler-v0,-1.0,-1.0,-1.0,-1.0,-1.0,-1.0
s2,8,CustomCarrier-v0,-1.0,-1.0,-1.0,-1.0,-1.0,-1.0
s2,8,BidirectionalWalker-v0,0.4306619465351105,0.3460627496242523,-1.0,-1.0,-1.0,-1.0
s2,8,CustomPusher-v0,0.3314482569694519,0.41558030247688293,0.44999998807907104,0.623763382434845,0.44999998807907104,0.623763382434845
s2,8,BeamToppler-v0,-1.0,-1.0,-1.0,-1.0,-1.0,-1.0
s2,8,Pusher-v1,0.46742796897888184,0.39344239234924316,-1.0,-1.0,-1.0,-1.0
s2,8,Catcher-v0,0.39246657490730286,0.4397590458393097,-1.0,-1.0,-1.0,-1.0
s2,8,UpStepper-v0,-1.0,-1.0,0.3499999940395355,0.1885678917169571,0.3499999940395355,0.1885678917169571
s2,8,DownStepper-v0,-1.0,-1.0,-1.0,-1.0,-1.0,-1.0
s2,8,ObstacleTraverser-v0,-1.0,-1.0,0.6000000238418579,0.5984308123588562,0.6000000238418579,0.5984308123588562
s2,8,ObstacleTraverser-v1,-1.0,-1.0,0.8500000238418579,0.5609888434410095,0.8500000238418579,0.5609888434410095
s2,8,Hurdler-v0,0.2938538193702698,0.35163789987564087,-1.0,-1.0,-1.0,-1.0
s2,8,GapJumper-v0,0.28833961486816406,0.32812705636024475,-1.0,-1.0,-1.0,-1.0
s2,8,Traverser-v0,-1.0,-1.0,0.4000000059604645,0.3951171338558197,0.4000000059604645,0.3951171338558197
s2,8,Flipper-v0,0.2938538193702698,0.35163789987564087,-1.0,-1.0,-1.0,-1.0
s2,8,Jumper-v0,0.4201057553291321,0.4911087155342102,-1.0,-1.0,-1.0,-1.0
s2,8,Balancer-v0,-1.0,-1.0,0.3499999940395355,0.1885678917169571,0.3499999940395355,0.1885678917169571
s2,8,AreaMaximizer-v0,-1.0,-1.0,0.800000011920929,0.5609888434410095,0.800000011920929,0.5609888434410095
s2,8,AreaMinimizer-v0,0.32145166397094727,0.5323647260665894,-1.0,-1.0,-1.0,-1.0
s2,8,WingspanMazimizer-v0,-1.0,-1.0,0.699999988079071,0.6348503232002258,0.699999988079071,0.6348503232002258
s2,8,HeightMaximizer-v0,0.30761218070983887,0.39078056812286377,0.699999988079071,0.3178838789463043,0.699999988079071,0.3178838789463043
s2,9,BridgeWalker-v0,-1.0,-1.0,0.5,0.4444444477558136,0.5,0.4444444477558136
s2,9,PlatformJumper-v0,-1.0,-1.0,0.4000000059604645,0.21422864496707916,0.4000000059604645,0.21422864496707916
s2,9,CaveCrawler-v0,0.5296462178230286,0.30198416113853455,0.6000000238418579,0.7296518683433533,0.6000000238418579,0.7296518683433533
s2,9,CustomCarrier-v0,-1.0,-1.0,0.550000011920929,0.39693984389305115,0.550000011920929,0.39693984389305115
s2,9,BidirectionalWalker-v0,0.4249022305011749,0.6093360185623169,-1.0,-1.0,-1.0,-1.0
s2,9,CustomPusher-v0,-1.0,-1.0,0.550000011920929,0.39693984389305115,0.550000011920929,0.39693984389305115
s2,9,BeamToppler-v0,0.5296462178230286,0.30198416113853455,0.6000000238418579,0.7296518683433533,0.6000000238418579,0.7296518683433533
s2,9,Pusher-v1,0.3578875660896301,0.4574529230594635,-1.0,-1.0,-1.0,-1.0
s2,9,Catcher-v0,0.3792535662651062,0.4843212366104126,0.3499999940395355,0.7154330015182495,0.3499999940395355,0.7154330015182495
s2,9,UpStepper-v0,-1.0,-1.0,0.6499999761581421,0.33014780282974243,0.6499999761581421,0.33014780282974243
s2,9,DownStepper-v0,-1.0,-1.0,0.6499999761581421,0.5959133505821228,0.6499999761581421,0.5959133505821228
s2,9,ObstacleTraverser-v0,-1.0,-1.0,0.5,0.30188658833503723,0.5,0.30188658833503723
s2,9,ObstacleTraverser-v1,-1.0,-1.0,-1.0,-1.0,-1.0,-1.0
s2,9,Hurdler-v0,-1.0,-1.0,0.4000000059604645,0.4961748719215393,0.4000000059604645,0.4961748719215393
s2,9,GapJumper-v0,-1.0,-1.0,0.699999988079071,0.33014780282974243,0.699999988079071,0.33014780282974243
s2,9,Traverser-v0,-1.0,-1.0,0.5,0.5959133505821228,0.5,0.5959133505821228
s2,9,Flipper-v0,0.47333818674087524,0.35361915826797485,-1.0,-1.0,-1.0,-1.0
s2,9,Jumper-v0,0.4460066556930542,0.5142518281936646,-1.0,-1.0,-1.0,-1.0
s2,9,Balancer-v0,0.47445979714393616,0.30865851044654846,-1.0,-1.0,-1.0,-1.0
s2,9,AreaMaximizer-v0,-1.0,-1.0,0.6000000238418579,0.11275507509708405,0.6000000238418579,0.11275507509708405
s2,9,AreaMinimizer-v0,0.5008397698402405,0.3323640525341034,-1.0,-1.0,-1.0,-1.0
s2,9,WingspanMazimizer-v0,0.4171640872955322,0.5809861421585083,-1.0,-1.0,-1.0,-1.0
s2,9,HeightMaximizer-v0,-1.0,-1.0,0.8999999761581421,0.0522526279091835,0.8999999761581421,0.0522526279091835
s3,0,BridgeWalker-v0,-1.0,-1.0,0.30000001192092896,0.3295685946941376,0.30000001192092896,0.3295685946941376
s3,0,PlatformJumper-v0,-1.0,-1.0,-1.0,-1.0,-1.0,-1.0
s3,0,CaveCrawler-v0,-1.0,-1.0,0.4000000059604645,0.4791506230831146,0.4000000059604645,0.4791506230831146
s3,0,CustomCarrier-v0,-1.0,-1.0,-1.0,-1.0,-1.0,-1.0
s3,0,BidirectionalWalker-v0,-1.0,-1.0,0.5,0.6000000238418579,0.5,0.6000000238418579
s3,0,CustomPusher-v0,-1.0,-1.0,0.6499999761581421,0.5,0.6499999761581421,0.5
s3,0,BeamToppler-v0,-1.0,-1.0,-1.0,-1.0,-1.0,-1.0
s3,0,Pusher-v1,0.34183788299560547,0.49830567836761475,-1.0,-1.0,-1.0,-1.0
s3,0,Catcher-v0,-1.0,-1.0,-1.0,-1.0,-1.0,-1.0
s3,0,UpStepper-v0,-1.0,-1.0,0.25,0.4961748719215393,0.25,0.4961748719215393
s3,0,DownStepper-v0,-1.0,-1.0,0.4000000059604645,0.4431533217430115,0.4000000059604645,0.4431533217430115
s3,0,ObstacleTraverser-v0,-1.0,-1.0,-1.0,-1.0,-1.0,-1.0
s3,0,ObstacleTraverser-v1,-1.0,-1.0,0.30000001192092896,0.5517879128456116,0.30000001192092896,0.5517879128456116
s3,0,Hurdler-v0,-1.0,-1.0,0.25,0.375,0.25,0.375
s3,0,GapJumper-v0,-1.0,-1.0,-1.0,-1.0,-1.0,-1.0
s3,0,Traverser-v0,-1.0,-1.0,0.44999998807907104,0.5555555820465088,0.44999998807907104,0.5555555820465088
s3,0,Flipper-v0,0.2717295289039612,0.3942893445491791,-1.0,-1.0,-1.0,-1.0
s3,0,Jumper-v0,0.3954414427280426,0.390583336353302,-1.0,-1.0,-1.0,-1.0
s3,0,Balancer-v0,0.3664775788784027,0.33316656947135925,-1.0,-1.0,-1.0,-1.0
s3,0,AreaMaximizer-v0,0.29928115010261536,0.4232155382633209,-1.0,-1.0,-1.0,-1.0
s3,0,AreaMinimizer-v0,-1.0,-1.0,0.44999998807907104,0.4288434088230133,0.44999998807907104,0.4288434088230133
s3,0,WingspanMazimizer-v0,-1.0,-1.0,0.15000000596046448,0.5,0.15000000596046448,0.5
s3,0,HeightMaximizer-v0,-1.0,-1.0,0.10000000149011612,0.05391765013337135,0.10000000149011612,0.05391765013337135
s3,1,BridgeWalker-v0,-1.0,-1.0,0.10000000149011612,0.4000000059604645,0.10000000149011612,0.4000000059604645
s3,1,PlatformJumper-v0,0.2389201670885086,0.525329053401947,0.5,0.5,0.5,0.5
s3,1,CaveCrawler-v0,0.2389201670885086,0.525329053401947,0.5,0.5,0.5,0.5
s3,1,CustomCarrier-v0,0.36398959159851074,0.4579921066761017,0.30000001192092896,0.4432063698768616,0.30000001192092896,0.4432063698768616
s3,1,BidirectionalWalker-v0,-1.0,-1.0,0.44999998807907104,0.43027767539024353,0.44999998807907104,0.43027767539024353
s3,1,CustomPusher-v0,-1.0,-1.0,0.3499999940395355,0.259579062461853,0.3499999940395355,0.259579062461853
s3,1,BeamToppler-v0,0.2389201670885086,0.525329053401947,0.5,0.5,0.5,0.5
s3,1,Pusher-v1,0.42157623171806335,0.44975799322128296,-1.0,-1.0,-1.0,-1.0
s3,1,Catcher-v0,-1.0,-1.0,-1.0,-1.0,-1.0,-1.0
s3,1,UpStepper-v0,-1.0,-1.0,-1.0,-1.0,-1.0,-1.0
s3,1,DownStepper-v0,0.2389201670885086,0.525329053401947,0.5,0.5,0.5,0.5
s3,1,ObstacleTraverser-v0,0.2389201670885086,0.525329053401947,0.5,0.5,0.5,0.5
s3,1,ObstacleTraverser-v1,0.3501597046852112,0.4334489107131958,-1.0,-1.0,-1.0,-1.0
s3,1,Hurdler-v0,-1.0,-1.0,-1.0,-1.0,-1.0,-1.0
s3,1,GapJumper-v0,-1.0,-1.0,0.4000000059604645,0.699999988079071,0.4000000059604645,0.699999988079071
s3,1,Traverser-v0,0.2389201670885086,0.525329053401947,0.5,0.5,0.5,0.5
s3,1,Flipper-v0,-1.0,-1.0,-1.0,-1.0,-1.0,-1.0
s3,1,Jumper-v0,0.4208926260471344,0.395246297121048,-1.0,-1.0,-1.0,-1.0
s3,1,Balancer-v0,0.36653536558151245,0.5186408758163452,-1.0,-1.0,-1.0,-1.0
s3,1,AreaMaximizer-v0,-1.0,-1.0,0.30000001192092896,0.5326755046844482,0.30000001192092896,0.5326755046844482
s3,1,AreaMinimizer-v0,-1.0,-1.0,0.15000000596046448,0.376221626996994,0.15000000596046448,0.376221626996994
s3,1,WingspanMazimizer-v0,0.3361985981464386,0.3586170971393585,0.6000000238418579,0.699999988079071,0.6000000238418579,0.699999988079071
s3,1,HeightMaximizer-v0,0.40349242091178894,0.3635973334312439,-1.0,-1.0,-1.0,-1.0
s3,2,BridgeWalker-v0,0.2554526925086975,0.49595922231674194,-1.0,-1.0,-1.0,-1.0
s3,2,PlatformJumper-v0,-1.0,-1.0,-1.0,-1.0,-1.0,-1.0
s3,2,CaveCrawler-v0,-1.0,-1.0,0.44999998807907104,0.5555555820465088,0.44999998807907104,0.5555555820465088
s3,2,CustomCarrier-v0,0.4442739486694336,0.466217964887619,-1.0,-1.0,-1.0,-1.0
s3,2,BidirectionalWalker-v0,-1.0,-1.0,-1.0,-1.0,-1.0,-1.0
s3,2,CustomPusher-v0,-1.0,-1.0,0.15000000596046448,0.5555555820465088,0.15000000596046448,0.5555555820465088
s3,2,BeamToppler-v0,-1.0,-1.0,0.44999998807907104,0.5555555820465088,0.44999998807907104,0.5555555820465088
s3,2,Pusher-v1,0.2528756260871887,0.4327443838119507,-1.0,-1.0,-1.0,-1.0
s3,2,Catcher-v0,0.45221561193466187,0.5021759867668152,-1.0,-1.0,-1.0,-1.0
s3,2,UpStepper-v0,-1.0,-1.0,-1.0,-1.0,-1.0,-1.0
s3,2,DownStepper-v0,-1.0,-1.0,-1.0,-1.0,-1.0,-1.0
s3,2,ObstacleTraverser-v0,-1.0,-1.0,-1.0,-1.0,-1.0,-1.0
s3,2,ObstacleTraverser-v1,-1.0,-1.0,-1.0,-1.0,-1.0,-1.0
s3,2,Hurdler-v0,-1.0,-1.0,0.30000001192092896,0.3186061382293701,0.30000001192092896,0.3186061382293701
s3,2,GapJumper-v0,-1.0,-1.0,0.550000011920929,0.2988440990447998,0.550000011920929,0.2988440990447998
s3,2,Traverser-v0,-1.0,-1.0,0.5,0.33665740489959717,0.5,0.33665740489959717
s3,2,Flipper-v0,0.41021957993507385,0.4040755331516266,-1.0,-1.0,-1.0,-1.0
s3,2,Jumper-v0,0.31556716561317444,0.49756452441215515,-1.0,-1.0,-1.0,-1.0
s3,2,Balancer-v0,0.3672370910644531,0.3404214382171631,-1.0,-1.0,-1.0,-1.0
s3,2,AreaMaximizer-v0,-1.0,-1.0,0.6000000238418579,0.5,0.6000000238418579,0.5
s3,2,AreaMinimizer-v0,-1.0,-1.0,0.44999998807907104,0.3787882328033447,0.44999998807907104,0.3787882328033447
s3,2,WingspanMazimizer-v0,-1.0,-1.0,0.6499999761581421,0.4000000059604645,0.6499999761581421,0.4000000059604645
s3,2,HeightMaximizer-v0,-1.0,-1.0,-1.0,-1.0,-1.0,-1.0
s3,3,BridgeWalker-v0,-1.0,-1.0,0.6499999761581421,0.2857142984867096,0.6499999761581421,0.2857142984867096
s3,3,PlatformJumper-v0,-1.0,-1.0,-1.0,-1.0,-1.0,-1.0
s3,3,CaveCrawler-v0,-1.0,-1.0,0.5,0.20147736370563507,0.5,0.20147736370563507
s3,3,CustomCarrier-v0,0.39943927526474,0.48077642917633057,-1.0,-1.0,-1.0,-1.0
s3,3,BidirectionalWalker-v0,-1.0,-1.0,0.6000000238418579,0.38155388832092285,0.6000000238418579,0.38155388832092285
s3,3,CustomPusher-v0,-1.0,-1.0,0.6499999761581421,0.20147736370563507,0.6499999761581421,0.20147736370563507
s3,3,BeamToppler-v0,-1.0,-1.0,0.550000011920929,0.1666666716337204,0.550000011920929,0.1666666716337204
s3,3,Pusher-v1,0.2810909152030945,0.5031163096427917,-1.0,-1.0,-1.0,-1.0
s3,3,Catcher-v0,0.34044331312179565,0.37550538778305054,-1.0,-1.0,-1.0,-1.0
s3,3,UpStepper-v0,-1.0,-1.0,0.699999988079071,0.4285714328289032,0.699999988079071,0.4285714328289032
s3,3,DownStepper-v0,-1.0,-1.0,-1.0,-1.0,-1.0,-1.0
s3,3,ObstacleTraverser-v0,-1.0,-1.0,0.800000011920929,0.1666666716337204,0.800000011920929,0.1666666716337204
s3,3,ObstacleTraverser-v1,0.3232816457748413,0.5385202169418335,-1.0,-1.0,-1.0,-1.0
s3,3,Hurdler-v0,0.2842935621738434,0.5349996089935303,-1.0,-1.0,-1.0,-1.0
s3,3,GapJumper-v0,0.2951572835445404,0.5720666646957397,-1.0,-1.0,-1.0,-1.0
s3,3,Traverser-v0,-1.0,-1.0,0.6000000238418579,0.20147736370563507,0.6000000238418579,0.20147736370563507
s3,3,Flipper-v0,0.41697657108306885,0.3747110068798065,-1.0,-1.0,-1.0,-1.0
s3,3,Jumper-v0,0.37714052200317383,0.38889288902282715,-1.0,-1.0,-1.0,-1.0
s3,3,Balancer-v0,0.23590847849845886,0.4151240289211273,-1.0,-1.0,-1.0,-1.0
s3,3,AreaMaximizer-v0,0.4425121545791626,0.43969839811325073,-1.0,-1.0,-1.0,-1.0
s3,3,AreaMinimizer-v0,-1.0,-1.0,0.6000000238418579,0.21750612556934357,0.6000000238418579,0.21750612556934357
s3,3,WingspanMazimizer-v0,0.3978364169597626,0.540990948677063,-1.0,-1.0,-1.0,-1.0
s3,3,HeightMaximizer-v0,-1.0,-1.0,-1.0,-1.0,-1.0,-1.0
s3,4,BridgeWalker-v0,-1.0,-1.0,0.5,0.4510118067264557,0.5,0.4510118067264557
s3,4,PlatformJumper-v0,-1.0,-1.0,-1.0,-1.0,-1.0,-1.0
s3,4,CaveCrawler-v0,-1.0,-1.0,-1.0,-1.0,-1.0,-1.0
s3,4,CustomCarrier-v0,0.3534764349460602,0.5450206398963928,-1.0,-1.0,-1.0,-1.0
s3,4,BidirectionalWalker-v0,-1.0,-1.0,0.3499999940395355,0.5,0.3499999940395355,0.5
s3,4,CustomPusher-v0,-1.0,-1.0,0.44999998807907104,0.4444444477558136,0.44999998807907104,0.4444444477558136
s3,4,BeamToppler-v0,-1.0,-1.0,-1.0,-1.0,-1.0,-1.0
s3,4,Pusher-v1,0.35398465394973755,0.3382766842842102,-1.0,-1.0,-1.0,-1.0
s3,4,Catcher-v0,-1.0,-1.0,0.10000000149011612,0.5179965496063232,0.10000000149011612,0.5179965496063232
s3,4,UpStepper-v0,-1.0,-1.0,-1.0,-1.0,-1.0,-1.0
s3,4,DownStepper-v0,-1.0,-1.0,0.30000001192092896,0.3333333432674408,0.30000001192092896,0.3333333432674408
s3,4,ObstacleTraverser-v0,-1.0,-1.0,-1.0,-1.0,-1.0,-1.0
s3,4,ObstacleTraverser-v1,-1.0,-1.0,0.6000000238418579,0.25,0.6000000238418579,0.25
s3,4,Hurdler-v0,-1.0,-1.0,0.4000000059604645,0.4484100043773651,0.4000000059604645,0.4484100043773651
s3,4,GapJumper-v0,-1.0,-1.0,-1.0,-1.0,-1.0,-1.0
s3,4,Traverser-v0,0.353925883769989,0.4493263363838196,0.44999998807907104,0.31877440214157104,0.44999998807907104,0.31877440214157104
s3,4,Flipper-v0,0.38330695033073425,0.5377947688102722,-1.0,-1.0,-1.0,-1.0
s3,4,Jumper-v0,0.3711585998535156,0.45929184556007385,-1.0,-1.0,-1.0,-1.0
s3,4,Balancer-v0,-1.0,-1.0,-1.0,-1.0,-1.0,-1.0
s3,4,AreaMaximizer-v0,-1.0,-1.0,0.20000000298023224,0.5,0.20000000298023224,0.5
s3,4,AreaMinimizer-v0,-1.0,-1.0,0.44999998807907104,0.5,0.44999998807907104,0.5
s3,4,WingspanMazimizer-v0,0.3492118716239929,0.43373554944992065,0.25,0.6000000238418579,0.25,0.6000000238418579
s3,4,HeightMaximizer-v0,-1.0,-1.0,-1.0,-1.0,-1.0,-1.0
s3,5,BridgeWalker-v0,-1.0,-1.0,0.800000011920929,0.4444444477558136,0.800000011920929,0.4444444477558136
s3,5,PlatformJumper-v0,-1.0,-1.0,-1.0,-1.0,-1.0,-1.0
s3,5,CaveCrawler-v0,-1.0,-1.0,0.6499999761581421,0.4444444477558136,0.6499999761581421,0.4444444477558136
s3,5,CustomCarrier-v0,-1.0,-1.0,-1.0,-1.0,-1.0,-1.0
s3,5,BidirectionalWalker-v0,0.42247694730758667,0.4052770733833313,-1.0,-1.0,-1.0,-1.0
s3,5,CustomPusher-v0,-1.0,-1.0,0.75,0.4444444477558136,0.75,0.4444444477558136
s3,5,BeamToppler-v0,-1.0,-1.0,0.6499999761581421,0.3453310430049896,0.6499999761581421,0.3453310430049896
s3,5,Pusher-v1,0.40453827381134033,0.37775635719299316,-1.0,-1.0,-1.0,-1.0
s3,5,Catcher-v0,0.32935017347335815,0.4752282500267029,-1.0,-1.0,-1.0,-1.0
s3,5,UpStepper-v0,0.30873361229896545,0.4308098554611206,0.699999988079071,0.4444444477558136,0.699999988079071,0.4444444477558136
s3,5,DownStepper-v0,0.30873361229896545,0.4308098554611206,0.699999988079071,0.4444444477558136,0.699999988079071,0.4444444477558136
s3,5,ObstacleTraverser-v0,-1.0,-1.0,0.6000000238418579,0.3193598687648773,0.6000000238418579,0.3193598687648773
s3,5,ObstacleTraverser-v1,-1.0,-1.0,0.699999988079071,0.340465784072876,0.699999988079071,0.340465784072876
s3,5,Hurdler-v0,-1.0,-1.0,0.75,0.340465784072876,0.75,0.340465784072876
s3,5,GapJumper-v0,-1.0,-1.0,0.699999988079071,0.340465784072876,0.699999988079071,0.340465784072876
s3,5,Traverser-v0,-1.0,-1.0,0.6000000238418579,0.3333333432674408,0.6000000238418579,0.3333333432674408
s3,5,Flipper-v0,0.3749605119228363,0.44449952244758606,-1.0,-1.0,-1.0,-1.0
s3,5,Jumper-v0,0.35489559173583984,0.3977108299732208,-1.0,-1.0,-1.0,-1.0
s3,5,Balancer-v0,0.41808435320854187,0.5060628652572632,-1.0,-1.0,-1.0,-1.0
s3,5,AreaMaximizer-v0,-1.0,-1.0,0.800000011920929,0.375,0.800000011920929,0.375
s3,5,AreaMinimizer-v0,0.40453827381134033,0.37775635719299316,-1.0,-1.0,-1.0,-1.0
s3,5,WingspanMazimizer-v0,0.3749605119228363,0.44449952244758606,-1.0,-1.0,-1.0,-1.0
s3,5,HeightMaximizer-v0,-1.0,-1.0,-1.0,-1.0,-1.0,-1.0
s3,6,BridgeWalker-v0,-1.0,-1.0,0.20000000298023224,0.4061388075351715,0.20000000298023224,0.4061388075351715
s3,6,PlatformJumper-v0,-1.0,-1.0,-1.0,-1.0,-1.0,-1.0
s3,6,CaveCrawler-v0,0.3616124391555786,0.4463745653629303,0.30000001192092896,0.409714013338089,0.30000001192092896,0.409714013338089
s3,6,CustomCarrier-v0,0.3001146912574768,0.46483784914016724,-1.0,-1.0,-1.0,-1.0
s3,6,BidirectionalWalker-v0,0.35168761014938354,0.4480859637260437,0.15000000596046448,0.421707421541214,0.15000000596046448,0.421707421541214
s3,6,CustomPusher-v0,-1.0,-1.0,0.3499999940395355,0.5,0.3499999940395355,0.5
s3,6,BeamToppler-v0,0.3616124391555786,0.4463745653629303,0.30000001192092896,0.409714013338089,0.30000001192092896,0.409714013338089
s3,6,Pusher-v1,0.3518185615539551,0.48749423027038574,-1.0,-1.0,-1.0,-1.0
s3,6,Catcher-v0,-1.0,-1.0,-1.0,-1.0,-1.0,-1.0
s3,6,UpStepper-v0,-1.0,-1.0,-1.0,-1.0,-1.0,-1.0
s3,6,DownStepper-v0,-1.0,-1.0,0.3499999940395355,0.5,0.3499999940395355,0.5
s3,6,ObstacleTraverser-v0,-1.0,-1.0,-1.0,-1.0,-1.0,-1.0
s3,6,ObstacleTraverser-v1,-1.0,-1.0,-1.0,-1.0,-1.0,-1.0
s3,6,Hurdler-v0,-1.0,-1.0,0.3499999940395355,0.5,0.3499999940395355,0.5
s3,6,GapJumper-v0,0.35168761014938354,0.4480859637260437,0.15000000596046448,0.421707421541214,0.15000000596046448,0.421707421541214
s3,6,Traverser-v0,0.35168761014938354,0.4480859637260437,0.15000000596046448,0.421707421541214,0.15000000596046448,0.421707421541214
s3,6,Flipper-v0,-1.0,-1.0,-1.0,-1.0,-1.0,-1.0
s3,6,Jumper-v0,0.34604936838150024,0.4013807475566864,-1.0,-1.0,-1.0,-1.0
s3,6,Balancer-v0,0.41272056102752686,0.452091246843338,-1.0,-1.0,-1.0,-1.0
s3,6,AreaMaximizer-v0,-1.0,-1.0,0.25,0.6000000238418579,0.25,0.6000000238418579
s3,6,AreaMinimizer-v0,-1.0,-1.0,0.20000000298023224,0.33701860904693604,0.20000000298023224,0.33701860904693604
s3,6,WingspanMazimizer-v0,-1.0,-1.0,0.25,0.6000000238418579,0.25,0.6000000238418579
s3,6,HeightMaximizer-v0,-1.0,-1.0,-1.0,-1.0,-1.0,-1.0
s3,7,BridgeWalker-v0,-1.0,-1.0,-1.0,-1.0,-1.0,-1.0
s3,7,PlatformJumper-v0,-1.0,-1.0,0.5,0.2765977680683136,0.5,0.2765977680683136
s3,7,CaveCrawler-v0,-1.0,-1.0,0.3499999940395355,0.2857142984867096,0.3499999940395355,0.2857142984867096
s3,7,CustomCarrier-v0,-1.0,-1.0,-1.0,-1.0,-1.0,-1.0
s3,7,BidirectionalWalker-v0,0.45461568236351013,0.46263253688812256,-1.0,-1.0,-1.0,-1.0
s3,7,CustomPusher-v0,-1.0,-1.0,-1.0,-1.0,-1.0,-1.0
s3,7,BeamToppler-v0,-1.0,-1.0,0.6499999761581421,0.2857142984867096,0.6499999761581421,0.2857142984867096
s3,7,Pusher-v1,0.29074349999427795,0.44278591871261597,-1.0,-1.0,-1.0,-1.0
s3,7,Catcher-v0,0.39089900255203247,0.4929400384426117,-1.0,-1.0,-1.0,-1.0
s3,7,UpStepper-v0,-1.0,-1.0,-1.0,-1.0,-1.0,-1.0
s3,7,DownStepper-v0,-1.0,-1.0,-1.0,-1.0,-1.0,-1.0
s3,7,ObstacleTraverser-v0,-1.0,-1.0,-1.0,-1.0,-1.0,-1.0
s3,7,ObstacleTraverser-v1,-1.0,-1.0,0.6499999761581421,0.21750612556934357,0.6499999761581421,0.21750612556934357
s3,7,Hurdler-v0,-1.0,-1.0,-1.0,-1.0,-1.0,-1.0
s3,7,GapJumper-v0,0.4041915535926819,0.3037921190261841,-1.0,-1.0,-1.0,-1.0
s3,7,Traverser-v0,-1.0,-1.0,0.4000000059604645,0.2857142984867096,0.4000000059604645,0.2857142984867096
s3,7,Flipper-v0,0.29074349999427795,0.44278591871261597,-1.0,-1.0,-1.0,-1.0
s3,7,Jumper-v0,0.34833112359046936,0.5827328562736511,-1.0,-1.0,-1.0,-1.0
s3,7,Balancer-v0,0.4092368483543396,0.4154108762741089,-1.0,-1.0,-1.0,-1.0
s3,7,AreaMaximizer-v0,-1.0,-1.0,0.800000011920929,0.2683243453502655,0.800000011920929,0.2683243453502655
s3,7,AreaMinimizer-v0,0.339971661567688,0.3345033824443817,-1.0,-1.0,-1.0,-1.0
s3,7,WingspanMazimizer-v0,0.45461568236351013,0.46263253688812256,-1.0,-1.0,-1.0,-1.0
s3,7,HeightMaximizer-v0,-1.0,-1.0,0.550000011920929,0.39965805411338806,0.550000011920929,0.39965805411338806
s3,8,BridgeWalker-v0,-1.0,-1.0,0.6499999761581421,0.451175332069397,0.6499999761581421,0.451175332069397
s3,8,PlatformJumper-v0,-1.0,-1.0,-1.0,-1.0,-1.0,-1.0
s3,8,CaveCrawler-v0,0.35876432061195374,0.4463021457195282,0.25,0.5,0.25,0.5
s3,8,CustomCarrier-v0,-1.0,-1.0,0.550000011920929,0.5,0.550000011920929,0.5
s3,8,BidirectionalWalker-v0,0.35876432061195374,0.4463021457195282,0.25,0.5,0.25,0.5
s3,8,CustomPusher-v0,0.3548755645751953,0.44894614815711975,0.5,0.2327514886856079,0.5,0.2327514886856079
s3,8,BeamToppler-v0,-1.0,-1.0,-1.0,-1.0,-1.0,-1.0
s3,8,Pusher-v1,0.39482012391090393,0.37553125619888306,-1.0,-1.0,-1.0,-1.0
s3,8,Catcher-v0,0.4553462564945221,0.42064863443374634,-1.0,-1.0,-1.0,-1.0
s3,8,UpStepper-v0,-1.0,-1.0,-1.0,-1.0,-1.0,-1.0
s3,8,DownStepper-v0,-1.0,-1.0,0.20000000298023224,0.4444444477558136,0.20000000298023224,0.4444444477558136
s3,8,ObstacleTraverser-v0,-1.0,-1.0,-1.0,-1.0,-1.0,-1.0
s3,8,ObstacleTraverser-v1,-1.0,-1.0,0.15000000596046448,0.4444444477558136,0.15000000596046448,0.4444444477558136
s3,8,Hurdler-v0,-1.0,-1.0,0.20000000298023224,0.4444444477558136,0.20000000298023224,0.4444444477558136
s3,8,GapJumper-v0,-1.0,-1.0,-1.0,-1.0,-1.0,-1.0
s3,8,Traverser-v0,0.3548755645751953,0.44894614815711975,0.5,0.2327514886856079,0.5,0.2327514886856079
s3,8,Flipper-v0,0.31376954913139343,0.5486754775047302,-1.0,-1.0,-1.0,-1.0
s3,8,Jumper-v0,0.38329464197158813,0.5831517577171326,-1.0,-1.0,-1.0,-1.0
s3,8,Balancer-v0,0.44422727823257446,0.4893129765987396,-1.0,-1.0,-1.0,-1.0
s3,8,AreaMaximizer-v0,-1.0,-1.0,-1.0,-1.0,-1.0,-1.0
s3,8,AreaMinimizer-v0,-1.0,-1.0,0.6499999761581421,0.451175332069397,0.6499999761581421,0.451175332069397
s3,8,WingspanMazimizer-v0,0.31376954913139343,0.5486754775047302,-1.0,-1.0,-1.0,-1.0
s3,8,HeightMaximizer-v0,-1.0,-1.0,-1.0,-1.0,-1.0,-1.0
s3,9,BridgeWalker-v0,-1.0,-1.0,0.550000011920929,0.25,0.550000011920929,0.25
s3,9,PlatformJumper-v0,-1.0,-1.0,0.6499999761581421,0.43860766291618347,0.6499999761581421,0.43860766291618347
s3,9,CaveCrawler-v0,-1.0,-1.0,-1.0,-1.0,-1.0,-1.0
s3,9,CustomCarrier-v0,0.21713963150978088,0.46845871210098267,-1.0,-1.0,-1.0,-1.0
s3,9,BidirectionalWalker-v0,0.3803090453147888,0.42468589544296265,0.5,0.14724059402942657,0.5,0.14724059402942657
s3,9,CustomPusher-v0,0.3803090453147888,0.42468589544296265,0.5,0.14724059402942657,0.5,0.14724059402942657
s3,9,BeamToppler-v0,-1.0,-1.0,0.6499999761581421,0.43860766291618347,0.6499999761581421,0.43860766291618347
s3,9,Pusher-v1,0.328414648771286,0.4705734848976135,-1.0,-1.0,-1.0,-1.0
s3,9,Catcher-v0,0.3218664824962616,0.563407838344574,-1.0,-1.0,-1.0,-1.0
s3,9,UpStepper-v0,-1.0,-1.0,0.6000000238418579,0.4745822548866272,0.6000000238418579,0.4745822548866272
s3,9,DownStepper-v0,-1.0,-1.0,0.4000000059604645,0.4444444477558136,0.4000000059604645,0.4444444477558136
s3,9,ObstacleTraverser-v0,-1.0,-1.0,0.6499999761581421,0.43860766291618347,0.6499999761581421,0.43860766291618347
s3,9,ObstacleTraverser-v1,-1.0,-1.0,0.44999998807907104,0.259696364402771,0.44999998807907104,0.259696364402771
s3,9,Hurdler-v0,0.3593071699142456,0.39323410391807556,0.44999998807907104,0.4444444477558136,0.44999998807907104,0.4444444477558136
s3,9,GapJumper-v0,-1.0,-1.0,0.6499999761581421,0.43860766291618347,0.6499999761581421,0.43860766291618347
s3,9,Traverser-v0,0.3803090453147888,0.42468589544296265,0.5,0.14724059402942657,0.5,0.14724059402942657
s3,9,Flipper-v0,0.4607613980770111,0.45687639713287354,-1.0,-1.0,-1.0,-1.0
s3,9,Jumper-v0,0.27493223547935486,0.3812917172908783,-1.0,-1.0,-1.0,-1.0
s3,9,Balancer-v0,0.42747870087623596,0.46716129779815674,-1.0,-1.0,-1.0,-1.0
s3,9,AreaMaximizer-v0,-1.0,-1.0,-1.0,-1.0,-1.0,-1.0
s3,9,AreaMinimizer-v0,-1.0,-1.0,-1.0,-1.0,-1.0,-1.0
s3,9,WingspanMazimizer-v0,-1.0,-1.0,0.5,0.5549820065498352,0.5,0.5549820065498352
s3,9,HeightMaximizer-v0,-1.0,-1.0,-1.0,-1.0,-1.0,-1.0
